Feature,Importance
num__number_inpatient,0.12871335390928432
num__discharge_disposition_id,0.06991812782561038
num__num_medications,0.03568045605757567
num__number_emergency,0.03421522245514004
num__time_in_hospital,0.03149739690857058
num__number_diagnoses,0.028576118497041017
num__num_lab_procedures,0.028098620346096424
num__number_outpatient,0.016604559506211283
num__num_procedures,0.016200950537499703
num__admission_type_id,0.013286261169422537
num__admission_source_id,0.012740010841478735
cat__insulin_No,0.009756288248935716
cat__diag_3_250,0.009295648709340163
cat__age_[50-60),0.008752810275931899
cat__insulin_Down,0.007882981470919394
cat__diag_2_250,0.007834152959515332
cat__diag_3_401,0.007781589165934125
cat__diag_1_V58,0.007477587846128861
cat__diag_1_786,0.0071576411914462575
cat__metformin_Steady,0.007058645801134447
cat__metformin_No,0.00675980887047725
cat__diag_1_428,0.006645981857617465
cat__diabetesMed_Yes,0.006410634949185785
cat__age_[80-90),0.0062895429599992645
cat__age_[70-80),0.006219759702071595
cat__gender_Male,0.00601067598485571
cat__diag_1_434,0.0059513637207856546
cat__race_Caucasian,0.0056858103991091185
cat__gender_Female,0.005631023290655586
cat__diag_3_272,0.00550793660343536
cat__diabetesMed_No,0.005498250432937407
cat__insulin_Steady,0.005473861581891069
cat__diag_3_403,0.005293338446526724
cat__race_AfricanAmerican,0.005068991688141616
cat__diag_2_401,0.005066494962148387
cat__change_No,0.004870734994070492
cat__age_[60-70),0.004703583838154606
cat__change_Ch,0.004614554198179059
cat__diag_3_585,0.004460663147643347
cat__age_[40-50),0.004390124638065727
cat__glipizide_Steady,0.004386336702607953
cat__insulin_Up,0.004363645070632351
cat__glyburide_No,0.003960038224922799
cat__glipizide_No,0.003940642448511568
cat__diag_1_414,0.003824491491117714
cat__glyburide_Steady,0.0035820290276485332
cat__diag_1_486,0.003513649968757894
cat__diag_2_403,0.0034741840576720017
cat__diag_3_Unknown,0.0033653904914185185
cat__rosiglitazone_No,0.0033578514090334194
cat__rosiglitazone_Steady,0.0032686210029716388
cat__diag_1_250.6,0.0032170393895673754
cat__pioglitazone_Steady,0.003203331296659584
cat__diag_1_250.7,0.003194032777622633
cat__diag_2_428,0.003103619018977746
cat__diag_2_276,0.0030998713471891647
cat__pioglitazone_No,0.0030828222272866654
cat__race_Unknown,0.003017795015736742
cat__glimepiride_No,0.0029832918949729247
cat__glimepiride_Steady,0.002866525526945363
cat__diag_3_250.6,0.002830622846629463
cat__diag_3_414,0.002797802982590335
cat__age_[30-40),0.002685509124964112
cat__diag_2_414,0.002672709221600375
cat__diag_2_427,0.0025295632900340136
cat__diag_2_707,0.0025075855778807616
cat__diag_3_428,0.0023701981588535336
cat__diag_3_276,0.0022329569399565713
cat__diag_3_496,0.0022124752073186017
cat__race_Hispanic,0.0021802760276460964
cat__diag_2_585,0.002123274336918638
cat__diag_1_682,0.0021068736239321937
cat__diag_3_536,0.0020303297390249705
cat__diag_1_820,0.002002690504396943
cat__diag_3_427,0.0019496706662310381
cat__diag_2_440,0.0019215421467802202
cat__diag_2_342,0.0018962193958371773
cat__race_Other,0.0018904084326900785
cat__diag_2_496,0.0018897985445452672
cat__age_[20-30),0.0018824957561537192
cat__diag_1_491,0.001875813810918144
cat__diag_2_250.6,0.0018670311353456287
cat__diag_2_599,0.0018381134580254174
cat__diag_1_715,0.001827693157805406
cat__diag_1_427,0.0018260414608346116
cat__age_[90-100),0.001813420348581673
cat__diag_2_250.41,0.0018014037602543452
cat__diag_1_996,0.0017565039193483663
cat__diag_1_410,0.001748343428307171
cat__diag_2_411,0.0017402199367387555
cat__diag_3_707,0.0016952092778568563
cat__diag_2_285,0.0016088056559158102
cat__diag_1_276,0.0016084240696526194
cat__repaglinide_No,0.0015940053504772777
cat__diag_1_780,0.0015896747602740433
cat__diag_2_250.01,0.0015861046658254664
cat__diag_1_722,0.0015712411804639018
cat__metformin_Up,0.001527750458450203
cat__diag_1_250.02,0.001512350925002502
cat__repaglinide_Steady,0.0014796274453121626
cat__diag_1_435,0.0014758578070226873
cat__diag_2_491,0.0014716136232840113
cat__diag_3_V45,0.001468670983312959
cat__diag_1_440,0.0014683106108703506
cat__diag_3_250.02,0.0013933745364141602
cat__diag_2_250.02,0.0013855751839589652
cat__diag_2_413,0.0013791532647378936
cat__diag_3_599,0.0013654215723888088
cat__diag_2_682,0.0013645890708652408
cat__diag_2_648,0.0013571491813641938
cat__age_[10-20),0.001331056271496503
cat__diag_2_780,0.0013248087659992053
cat__diag_1_574,0.0013205087459134917
cat__diag_2_272,0.0012848648918052676
cat__diag_1_250.8,0.0012779213842042069
cat__diag_2_584,0.0012688593964652955
cat__diag_3_197,0.0012412381956558498
cat__diag_1_V57,0.001221739656752517
cat__diag_2_425,0.0012099190522165124
cat__diag_2_493,0.0011994687982048377
cat__diag_1_577,0.001179522837410721
cat__diag_2_305,0.0011768331000126234
cat__diag_1_584,0.0011592797616924275
cat__diag_3_780,0.0011135392326744589
cat__diag_3_285,0.0011015232497815976
cat__diag_1_493,0.0010906782065478507
cat__diag_3_785,0.001088394991160191
cat__diag_3_581,0.0010780326563856887
cat__diag_3_530,0.0010682873562385849
cat__age_[0-10),0.0010667230168550075
cat__diag_1_433,0.0010649230068174335
cat__diag_1_572,0.0010643913661765637
cat__diag_3_41,0.0010636817862256982
cat__diag_2_786,0.0010551624544814743
cat__diag_1_278,0.0010477481417300318
cat__diag_1_250.13,0.0010416727776948289
cat__diag_1_38,0.001037005553932292
cat__diag_2_424,0.0010323376527230008
cat__diag_2_518,0.0010206637735424562
cat__diag_2_486,0.0010179745447074274
cat__diag_3_584,0.0010161485022429136
cat__diag_3_250.01,0.0010046706816997215
cat__diag_3_682,0.00099975359059547
cat__diag_1_296,0.0009895397955345033
cat__diag_2_162,0.0009796282136274304
cat__diag_2_202,0.0009781714346449527
cat__diag_3_424,0.0009707016522123986
cat__diag_3_305,0.0009546752273266878
cat__nateglinide_Steady,0.0009518606000980613
cat__glyburide_Up,0.0009509760863078728
cat__glipizide_Down,0.0009465688054273426
cat__diag_1_599,0.0009393067292743419
cat__diag_2_571,0.0009350302576208501
cat__diag_1_507,0.0009198809743359486
cat__race_Asian,0.0009024720022923277
cat__diag_2_785,0.0008981778400932908
cat__diag_1_562,0.0008974337679247638
cat__glyburide_Down,0.0008896551743443183
cat__glipizide_Up,0.0008881259925896069
cat__diag_3_244,0.0008790244494210952
cat__diag_3_493,0.000878955623350907
cat__diag_2_410,0.0008775418706089219
cat__diag_1_535,0.0008724456554015173
cat__diag_3_425,0.0008623968599641751
cat__diag_3_511,0.0008616011740334395
cat__metformin_Down,0.0008455760333875777
cat__diag_3_V58,0.0008413100121932653
cat__diag_3_789,0.0008174959723800231
cat__diag_3_342,0.0008168395679585021
cat__diag_3_278,0.0008141748896706017
cat__diag_1_540,0.0008086579008236706
cat__glyburide-metformin_No,0.0007976163170524866
cat__diag_3_786,0.0007957841372673823
cat__diag_1_403,0.0007901996731272682
cat__diag_1_560,0.0007885388748691023
cat__diag_3_357,0.0007840185733774639
cat__diag_3_250.8,0.0007821602215754962
cat__diag_1_453,0.0007797827828383318
cat__diag_1_250.11,0.0007792307440934558
cat__nateglinide_No,0.0007764358550884751
cat__diag_1_443,0.0007729357006321847
cat__glyburide-metformin_Steady,0.0007725099697464762
cat__diag_2_280,0.0007715010160464338
cat__diag_3_411,0.000768463917549258
cat__diag_3_413,0.000762997994705503
cat__diag_1_518,0.000760682165459383
cat__diag_1_998,0.000754301185880381
cat__diag_3_V12,0.0007494492201268457
cat__diag_1_250.12,0.0007385418668363932
cat__diag_1_285,0.0007285545585944458
cat__diag_2_250.03,0.0007165497612883368
cat__diag_1_250.82,0.0007096437625614138
cat__diag_2_V45,0.0007081490569814922
cat__diag_3_787,0.0007058446874339423
cat__diag_1_707,0.000696626129028122
cat__diag_3_453,0.0006891450830197249
cat__diag_1_578,0.0006868817570292682
cat__diag_1_458,0.0006822305803297948
cat__diag_3_996,0.000672565755985094
cat__diag_1_724,0.0006723560205816232
cat__diag_3_438,0.000670197452810013
cat__diag_3_571,0.0006654623717269391
cat__diag_2_536,0.0006587408910344346
cat__diag_3_287,0.0006540239488965613
cat__diag_3_250.4,0.0006488720768502587
cat__diag_3_518,0.0006461540667061475
cat__diag_3_412,0.0006441007482907096
cat__diag_2_38,0.00063990835827605
cat__diag_2_404,0.0006374031549990892
cat__acarbose_Steady,0.0006313993983174034
cat__diag_1_511,0.0006283798346795611
cat__diag_2_295,0.0006217569678157252
cat__diag_1_386,0.0006158956346813864
cat__diag_1_569,0.0006123991988646913
cat__diag_1_592,0.0006044506520218224
cat__diag_3_486,0.0006036989967279979
cat__diag_2_577,0.0006013211324963851
cat__diag_2_996,0.0005990769011154055
cat__diag_1_787,0.0005984272381915432
cat__diag_1_558,0.000593055385306931
cat__diag_1_530,0.0005862302137221426
cat__diag_3_304,0.0005824170280324882
cat__diag_3_426,0.0005810311715796504
cat__diag_1_8,0.0005756331939292571
cat__diag_2_788,0.0005730540217002931
cat__diag_1_789,0.0005711455658197823
cat__diag_1_401,0.0005701110612263008
cat__glimepiride_Up,0.000569136598819184
cat__diag_3_162,0.0005681208149860311
cat__diag_3_402,0.0005609227217774229
cat__diag_2_250.7,0.0005601043908257809
cat__diag_1_295,0.0005583136741955561
cat__diag_2_402,0.0005562772133650725
cat__diag_1_162,0.0005560807344476122
cat__diag_3_284,0.0005536693487646042
cat__diag_2_998,0.0005481273912979037
cat__diag_1_197,0.000547247758078211
cat__diag_2_197,0.0005443481138238044
cat__diag_1_402,0.0005409098262356454
cat__diag_1_250.1,0.0005383572703945458
cat__diag_3_331,0.0005382858432214933
cat__diag_2_205,0.0005349765426640043
cat__diag_2_453,0.0005228823105513871
cat__diag_2_296,0.0005209229373297321
cat__diag_1_571,0.0005192873393194857
cat__diag_1_250.03,0.0005164854652470691
cat__diag_2_511,0.0005145530067305802
cat__diag_1_250.4,0.0005100462614747226
cat__diag_3_784,0.0005049649119237056
cat__diag_1_648,0.000504294892950624
cat__diag_3_280,0.0005041571209299341
cat__diag_3_593,0.0005020277995778929
cat__diag_1_415,0.0004985260109063692
cat__diag_3_396,0.0004957407835778231
cat__diag_3_70,0.0004931212314726802
cat__diag_3_491,0.0004923060624232346
cat__diag_1_218,0.0004914185960858853
cat__diag_2_203,0.0004901369512814
cat__diag_2_70,0.000482689144174811
cat__diag_1_466,0.00048027398459141895
cat__diag_3_250.42,0.0004793041394132598
cat__diag_2_198,0.00047825985615843254
cat__diag_1_280,0.0004778272269574251
cat__diag_3_V15,0.00047468931232337596
cat__diag_2_438,0.00047327059336182243
cat__diag_3_458,0.0004702845530223399
cat__diag_1_411,0.00046850637441946173
cat__diag_2_574,0.0004662729428193326
cat__diag_2_41,0.00046475009954077096
cat__diag_2_287,0.0004645649691776009
cat__diag_2_560,0.00046406008035130636
cat__diag_2_530,0.00046384086429789007
cat__diag_1_997,0.0004634063659243391
cat__diag_3_286,0.0004628325926043006
cat__diag_3_295,0.0004613395072124809
cat__diag_3_311,0.0004607181400977472
cat__diag_1_733,0.00045191001567305446
cat__diag_2_789,0.00045070832165446686
cat__diag_2_426,0.0004491885183786396
cat__pioglitazone_Up,0.00044700127869098466
cat__acarbose_No,0.00044595864605754924
cat__diag_1_198,0.0004434264381145216
cat__diag_1_250.41,0.0004377207385813822
cat__diag_3_294,0.0004312917636886238
cat__diag_2_784,0.00042622977175295833
cat__diag_3_337,0.0004229062457344093
cat__diag_3_998,0.0004227174698456334
cat__diag_2_V42,0.0004188736190191538
cat__diag_2_135,0.0004179589258298615
cat__diag_3_E849,0.0004179567949087095
cat__diag_3_733,0.0004177972066994726
cat__diag_2_434,0.0004169575692255705
cat__diag_2_Unknown,0.00041625921272864073
cat__diag_3_V43,0.00041409907171184124
cat__diag_2_V43,0.0004125138945852036
cat__diag_2_278,0.00041014340298765016
cat__diag_1_331,0.00040983857595578907
cat__diag_1_424,0.0004088981570430574
cat__repaglinide_Up,0.00040862099810441547
cat__diag_2_799,0.0004064816706724556
cat__diag_3_V10,0.0004043252319885294
cat__diag_3_729,0.00040347285445730633
cat__diag_1_153,0.00039728068646055714
cat__diag_3_788,0.0003930577033147059
cat__diag_3_799,0.00039204669905725534
cat__diag_1_590,0.00039012789117572375
cat__diag_2_997,0.0003898950784995355
cat__diag_2_8,0.0003897516025728311
cat__diag_1_593,0.0003897500745301687
cat__diag_1_444,0.0003861286689922247
cat__diag_1_404,0.00038496744892950067
cat__diag_3_E878,0.00038454686399768073
cat__diag_3_V42,0.0003840441682938718
cat__diag_2_E888,0.00038355619703134183
cat__diag_2_730,0.0003809103509364701
cat__diag_3_553,0.0003768270183378744
cat__diag_1_185,0.00037500493964684234
cat__diag_1_790,0.00037487362695150136
cat__diag_2_112,0.0003743052732685613
cat__diag_1_438,0.00037324577812251593
cat__diag_2_578,0.0003726501727665347
cat__diag_2_304,0.00037216724679207903
cat__diag_2_303,0.0003707817673266683
cat__diag_3_296,0.00036858849610224624
cat__diag_2_787,0.00036771033250872177
cat__diag_3_719,0.00036676011487761555
cat__diag_1_823,0.00036508540907428944
cat__diag_2_E885,0.0003610504915312956
cat__diag_2_728,0.00036076774274359933
cat__diag_3_112,0.0003595315246797324
cat__diag_3_535,0.0003591797385462437
cat__diag_2_790,0.00035892668127979606
cat__diag_3_995,0.00035874545662451315
cat__diag_3_250.7,0.0003582730266803358
cat__diag_1_575,0.0003567004463229377
cat__diag_3_715,0.00035659749135349354
cat__diag_3_196,0.00035550901582546095
cat__diag_1_426,0.0003548265254585673
cat__diag_1_211,0.0003536952187443392
cat__diag_3_250.41,0.00035145432331650076
cat__diag_3_300,0.00035010759053335675
cat__diag_2_396,0.0003492269498141078
cat__diag_2_572,0.00034341930053255796
cat__diag_1_250,0.00034028565416711676
cat__diag_1_784,0.0003392926127729912
cat__diag_3_250.03,0.00033870610261915713
cat__diag_1_824,0.0003353064594106326
cat__diag_3_562,0.00033447696519263415
cat__diag_3_997,0.0003329646852912163
cat__diag_3_38,0.00032538766793255075
cat__diag_3_440,0.00032508985586637623
cat__diag_1_250.42,0.0003237963564415171
cat__diag_2_244,0.0003220836022528741
cat__diag_3_466,0.0003217145820098161
cat__diag_1_250.2,0.0003204847065836611
cat__diag_1_812,0.00031984438767127373
cat__diag_2_492,0.0003197407408516706
cat__diag_3_730,0.00031874179081899594
cat__diag_3_263,0.00031816693906373144
cat__diag_2_250.8,0.0003144613301446321
cat__diag_1_721,0.00031346948885706104
cat__diag_1_482,0.0003124922592448677
cat__diag_1_531,0.00031148153406845646
cat__diag_1_250.22,0.0003112321570711799
cat__diag_3_416,0.00031025862699460884
cat__diag_3_790,0.0003102120144606948
cat__diag_1_566,0.0003096434700339411
cat__glimepiride_Down,0.0003089070088178744
cat__diag_1_600,0.0003087132441891373
cat__diag_2_250.42,0.00030533266127021904
cat__diag_1_557,0.0003052948054140125
cat__diag_1_202,0.0003035697152944118
cat__diag_2_V15,0.0003022391976102006
cat__diag_2_152,0.00029839861506175496
cat__diag_3_577,0.00029823298623028375
cat__diag_2_715,0.00029465938745861496
cat__diag_2_250.82,0.00029439499838642834
cat__diag_1_294,0.000291595324281984
cat__diag_3_560,0.0002909117902224748
cat__diag_1_730,0.00029076741929418427
cat__diag_1_805,0.0002882306424487384
cat__diag_2_733,0.0002865407608152427
cat__diag_1_564,0.00028565412001496854
cat__diag_1_282,0.0002843950513080259
cat__diag_2_294,0.0002843341623591963
cat__diag_1_348,0.00028426672435395115
cat__diag_3_443,0.00028189105325925154
cat__diag_2_250.4,0.00028132032404815213
cat__diag_1_413,0.00028074081804201046
cat__diag_2_E878,0.00028069902895541215
cat__diag_1_618,0.00028069244653211334
cat__diag_3_731,0.000280136411217958
cat__diag_1_537,0.0002794385866427405
cat__diag_3_198,0.00027620615836849137
cat__diag_1_808,0.0002750438355482558
cat__diag_1_654,0.0002748511336757457
cat__diag_3_250.92,0.0002745765286678723
cat__diag_2_710,0.00027440402454410515
cat__diag_1_112,0.00027362054372273396
cat__diag_1_512,0.00026952343043971764
cat__diag_2_250.81,0.0002688474794909746
cat__diag_3_578,0.00026837056302734646
cat__diag_2_591,0.00026715421550230347
cat__diag_3_V49,0.00026644226721559273
cat__diag_3_794,0.0002638509739327784
cat__diag_1_567,0.00026242067552215864
cat__diag_2_153,0.0002621737517145263
cat__diag_3_515,0.0002618742441041907
cat__diag_2_569,0.0002617787404023214
cat__diag_2_433,0.0002578587510838758
cat__diag_2_465,0.00025757701626935407
cat__diag_2_781,0.0002570961061222221
cat__diag_1_204,0.00025668070793335697
cat__diag_3_433,0.0002555908807444534
cat__diag_2_150,0.0002534992548532157
cat__diag_1_436,0.0002526569976115568
cat__diag_3_782,0.0002508133365486503
cat__diag_3_8,0.0002503237137521797
cat__diag_2_721,0.0002488268234848973
cat__diag_2_196,0.00024813024930769265
cat__diag_2_V85,0.0002470829332176158
cat__diag_2_435,0.00024650150247918455
cat__diag_3_564,0.0002458979086178475
cat__diag_2_250.92,0.0002451639125103348
cat__diag_3_303,0.00024374665455173744
cat__diag_2_535,0.00024156845794157835
cat__diag_3_397,0.00023922179872493815
cat__diag_3_250.5,0.0002388608327670474
cat__diag_3_250.82,0.00023742542061319833
cat__diag_1_821,0.00023567948579511456
cat__diag_1_553,0.0002331353178975212
cat__diag_2_242,0.00023295532889505016
cat__diag_1_642,0.00023271172370697944
cat__diag_3_250.51,0.00023222230087897056
cat__diag_3_444,0.0002313841128596552
cat__diag_2_820,0.0002311799771685205
cat__diag_3_327,0.00022943949931486933
cat__diag_2_250.13,0.00022939364565575048
cat__diag_3_724,0.00022895471904689865
cat__diag_2_263,0.00022807507954855036
cat__diag_3_301,0.00022640485889878335
cat__diag_3_174,0.0002249632707137137
cat__diag_3_404,0.00022494978882019434
cat__rosiglitazone_Up,0.00022486219945951058
cat__diag_1_189,0.00022357057970636248
cat__diag_2_292,0.00022226769568128786
cat__diag_2_204,0.00022153754545443987
cat__diag_1_431,0.00022085042732869733
cat__diag_1_338,0.00022062942988080862
cat__diag_3_V54,0.00021767754592917122
cat__diag_1_532,0.00021746852346477826
cat__diag_1_250.81,0.00021727803343403717
cat__diag_2_157,0.00021704544550556985
cat__diag_1_346,0.00021583781411998215
cat__diag_2_284,0.00021552336390503793
cat__diag_2_596,0.00021542532882441295
cat__diag_2_567,0.00021483308780933011
cat__diag_2_348,0.00021462842391420728
cat__diag_3_558,0.00021451035191212008
cat__diag_2_581,0.00021422879217495298
cat__diag_3_781,0.00021387329618569547
cat__diag_1_284,0.0002135498852788827
cat__diag_1_432,0.0002131128619665409
cat__diag_2_722,0.00021235259622381895
cat__diag_2_458,0.00021109772756222375
cat__diag_3_E888,0.00020971232622389553
cat__diag_1_441,0.00020921159628955986
cat__diag_1_290,0.00020895514655583621
cat__diag_3_332,0.0002085380880856006
cat__diag_2_V58,0.00020689566251395552
cat__diag_2_995,0.00020666168166920407
cat__diag_3_710,0.00020653652732763826
cat__diag_2_507,0.00020481802879334269
cat__diag_3_255,0.00020360921678571188
cat__diag_2_719,0.00020271684351861967
cat__diag_2_515,0.00020201969759374588
cat__diag_1_420,0.00020200841595281787
cat__diag_1_552,0.0002010999722713647
cat__diag_1_239,0.00020100748974995485
cat__diag_1_300,0.0002007158749435141
cat__diag_2_340,0.00019890638819473335
cat__diag_3_492,0.00019823015374142666
cat__diag_2_724,0.00019723992598768173
cat__diag_1_250.83,0.00019624551137822853
cat__diag_3_459,0.00019377462879815134
cat__diag_1_287,0.00019161840962781475
cat__diag_1_345,0.00018964985659422376
cat__diag_1_852,0.00018795444009261193
cat__diag_2_311,0.0001874313521562226
cat__diag_1_481,0.0001871575875471249
cat__diag_2_443,0.00018625173987238739
cat__diag_1_298,0.00018581090566050483
cat__diag_2_466,0.00018535403035828892
cat__diag_1_398,0.0001852148642333642
cat__diag_1_711,0.00018475836227918718
cat__diag_1_536,0.00018453264617633835
cat__diag_3_410,0.00018426179609454222
cat__diag_1_191,0.00018394776390957143
cat__diag_1_79,0.00018333954560463455
cat__diag_3_714,0.00018252864851400993
cat__diag_2_782,0.00018006880345438226
cat__diag_3_V64,0.00017922881139672
cat__diag_3_648,0.00017904949204014075
cat__diag_2_293,0.0001788719210322923
cat__diag_2_456,0.0001780857757172414
cat__diag_1_716,0.00017758119033180027
cat__diag_3_199,0.00017756516215492992
cat__diag_3_185,0.0001768623110080462
cat__diag_1_756,0.0001743977519994052
cat__diag_2_590,0.00017351735404036567
cat__diag_1_447,0.0001733733827573149
cat__diag_2_250.52,0.00017331569906752048
cat__pioglitazone_Down,0.00017282835403051707
cat__diag_1_157,0.00017166314385440147
cat__diag_3_288,0.00017153672375192714
cat__diag_1_53,0.00017150463580874276
cat__diag_1_995,0.00017114925527707197
cat__diag_1_576,0.0001707883853085962
cat__diag_2_562,0.0001707104033879735
cat__diag_2_331,0.00017066802407474972
cat__diag_1_455,0.00016974071179993842
cat__chlorpropamide_No,0.00016935261398600597
cat__diag_1_174,0.0001691652596418655
cat__diag_2_286,0.00016890870769226018
cat__diag_1_437,0.0001685156550561923
cat__diag_1_967,0.0001683024777297411
cat__diag_1_643,0.0001682256817619291
cat__diag_1_781,0.00016751996645838308
cat__diag_2_593,0.00016690281961437132
cat__diag_1_274,0.00016573155619802561
cat__diag_3_V85,0.00016559119173732904
cat__diag_2_416,0.00016555508959271317
cat__diag_3_242,0.0001653128380199801
cat__diag_2_415,0.00016426414959145767
cat__diag_2_808,0.00016337634619357607
cat__diag_2_V10,0.00016224494031916845
cat__diag_1_V55,0.00016024434904877042
cat__diag_3_591,0.0001594903751324648
cat__diag_1_728,0.00015790718393196213
cat__diag_1_782,0.00015766123192167142
cat__diag_2_337,0.00015698248679353374
cat__diag_1_807,0.00015665402385350207
cat__diag_1_311,0.00015332555549327277
cat__diag_2_558,0.0001525841253707017
cat__diag_3_711,0.00015213024683563553
cat__diag_1_726,0.00015179209785795672
cat__diag_1_585,0.0001512533253011986
cat__diag_1_250.01,0.00015123824778977242
cat__diag_1_292,0.00015021838048238077
cat__diag_1_188,0.00014967745292685962
cat__diag_3_596,0.00014907436528107537
cat__diag_2_357,0.00014815119422760949
cat__diag_2_332,0.00014798289049139626
cat__diag_1_681,0.00014783933917927923
cat__diag_3_V46,0.0001477474279978458
cat__diag_2_E947,0.00014767834177148418
cat__diag_3_728,0.00014689484464251802
cat__diag_3_569,0.00014670430432086776
cat__diag_1_271,0.0001466798991008873
cat__diag_3_583,0.00014556558190890204
cat__diag_3_722,0.00014517931636512613
cat__diag_2_537,0.00014493101632215568
cat__diag_3_681,0.00014442087739167326
cat__diag_1_625,0.0001443613076260458
cat__diag_3_447,0.00014428961998039564
cat__diag_3_574,0.00014348995785992767
cat__diag_3_455,0.00014325484784461002
cat__diag_2_595,0.00014286929981748256
cat__diag_1_291,0.00014198005521857287
cat__diag_2_575,0.0001418492428194858
cat__diag_3_V09,0.00014176453778929368
cat__diag_3_203,0.00014143205371405898
cat__diag_2_729,0.00014091383677930142
cat__diag_1_250.92,0.00014087973199136355
cat__diag_2_300,0.00014031071718882104
cat__diag_3_783,0.00014030529737899927
cat__diag_3_238,0.000139641202416237
cat__diag_1_788,0.00013909085062998884
cat__diag_2_V62,0.00013764957318042914
cat__diag_1_238,0.00013706801748866339
cat__diag_3_807,0.00013673834967889195
cat__diag_2_447,0.0001353539709145033
cat__diag_2_807,0.00013419128213147522
cat__diag_3_291,0.00013370625690746244
cat__diag_2_625,0.0001335163586130997
cat__diag_1_293,0.00013321472922196758
cat__diag_2_250.5,0.00013306982511856943
cat__diag_2_680,0.00013229119992028512
cat__diag_3_250.81,0.00013224439211956387
cat__diag_2_412,0.00013190366034380386
cat__diag_3_575,0.00013139358469274663
cat__diag_1_729,0.00013109507956825467
cat__diag_1_459,0.00013097425829715651
cat__diag_2_731,0.00013071437089397906
cat__diag_1_822,0.00013069529047421614
cat__diag_1_785,0.0001302978309582322
cat__diag_1_719,0.0001301865471329751
cat__diag_1_596,0.00013015934962932787
cat__diag_3_211,0.00012993165989718175
cat__diag_1_496,0.0001274837901095534
cat__diag_1_225,0.0001271255907417098
cat__diag_2_250.43,0.0001256065365175327
cat__diag_3_340,0.00012544628473566452
cat__diag_1_358,0.00012518841402099282
cat__diag_3_920,0.00012456475889736018
cat__diag_1_425,0.00012271762882404445
cat__diag_1_154,0.00012224814898944934
cat__diag_3_250.43,0.00012171503872783166
cat__diag_1_182,0.00012152209097381829
cat__diag_3_298,0.00012136217385510012
cat__diag_1_550,0.0001206786853284858
cat__diag_3_343,0.00012056602995796421
cat__diag_2_250.51,0.00012050733972325943
cat__diag_1_515,0.0001204471752445612
cat__diag_1_297,0.00012043169815483723
cat__diag_3_250.52,0.00012025548623971068
cat__diag_3_E942,0.00011932904478664478
cat__diag_3_138,0.00011855541901303196
cat__diag_2_444,0.00011817929115921332
cat__diag_3_642,0.0001176483096268733
cat__diag_2_482,0.00011706749460445251
cat__diag_1_Unknown,0.00011663607278458176
cat__diag_2_573,0.00011618882222362093
cat__diag_1_242,0.00011567721082508799
cat__diag_1_332,0.00011484408962734641
cat__diag_2_459,0.00011413515886658681
cat__diag_2_723,0.00011401717905392275
cat__rosiglitazone_Down,0.00011384356531669961
cat__diag_1_595,0.00011258318026639066
cat__diag_1_514,0.00011139500522549284
cat__diag_1_969,0.00011090948494535395
cat__diag_2_E950,0.00011085627792870735
cat__diag_3_437,0.00011062268534037676
cat__diag_3_573,0.00011023884166790005
cat__diag_2_V54,0.0001096474376594844
cat__diag_1_966,0.00010962531410312413
cat__diag_2_398,0.00010950403945833688
cat__diag_1_487,0.0001087505210244259
cat__diag_3_250.53,0.00010773877046590308
cat__diag_1_924,0.00010758472574494239
cat__diag_1_959,0.00010712193151745748
cat__diag_3_204,0.00010671998709833535
cat__chlorpropamide_Steady,0.00010621134625347251
cat__diag_3_42,0.00010599614607515331
cat__diag_1_312,0.0001056206211230389
cat__diag_1_922,0.00010549941434779058
cat__diag_3_E935,0.00010541950244036277
cat__diag_2_805,0.00010457430120565564
cat__diag_2_568,0.00010405975876550217
cat__diag_2_576,0.00010343283794237382
cat__diag_1_421,0.00010276285158419501
cat__diag_3_293,0.0001027615209709121
cat__diag_3_273,0.00010257289041859757
cat__diag_3_723,0.00010176272254197348
cat__diag_3_290,0.00010070238363365731
cat__diag_1_241,0.00010001317761866765
cat__diag_2_183,9.99720339072095e-05
cat__diag_2_V49,9.97870155696064e-05
cat__diag_1_288,9.976858193729186e-05
cat__diag_3_721,9.960708681291322e-05
cat__diag_2_592,9.94942239592122e-05
cat__diag_1_V54,9.92245242373412e-05
cat__diag_2_290,9.914826358833405e-05
cat__diag_3_348,9.89591632550347e-05
cat__diag_3_252,9.7973675376405e-05
cat__diag_1_281,9.778598230535458e-05
cat__diag_2_564,9.765857528102867e-05
cat__diag_1_445,9.735041161100416e-05
cat__diag_3_592,9.707050123004185e-05
cat__diag_3_429,9.645135598941954e-05
cat__diag_3_202,9.625642084199433e-05
cat__diag_2_288,9.578109010956076e-05
cat__diag_2_298,9.574928703853521e-05
cat__diag_2_250.83,9.503031813130844e-05
cat__diag_1_303,9.49610996760232e-05
cat__diag_3_310,9.476057248727117e-05
cat__diag_2_94,9.46449809667754e-05
cat__diag_2_553,9.356968665634123e-05
cat__diag_3_319,9.34042973929355e-05
cat__diag_3_423,9.328721638053684e-05
cat__diag_2_681,9.296503626961607e-05
cat__diag_3_275,9.128275172177341e-05
cat__diag_1_309,9.126863925656537e-05
cat__diag_1_799,9.057433095252551e-05
cat__diag_3_292,9.028945725593947e-05
cat__diag_2_452,9.01494459783495e-05
cat__diag_1_465,8.999428684767172e-05
cat__diag_2_238,8.999014631933929e-05
cat__diag_1_357,8.955375238119485e-05
cat__diag_2_840,8.948322118848938e-05
cat__diag_3_507,8.895019898298011e-05
cat__diag_2_611,8.876750729947802e-05
cat__diag_3_572,8.822629424777944e-05
cat__diag_2_345,8.775937261066086e-05
cat__diag_3_465,8.75141688869716e-05
cat__diag_1_619,8.71635011655188e-05
cat__diag_3_473,8.698014435327236e-05
cat__diag_3_820,8.695509534198649e-05
cat__diag_1_250.23,8.689272592082152e-05
cat__diag_2_200,8.688647653633033e-05
cat__diag_3_557,8.62309163780895e-05
cat__diag_1_416,8.594585301999385e-05
cat__diag_1_70,8.569349837523879e-05
cat__diag_2_156,8.537558598971708e-05
cat__diag_1_608,8.529327060774481e-05
cat__diag_2_250.12,8.440169749014217e-05
cat__diag_2_531,8.421738923119182e-05
cat__diag_2_397,8.409650070267737e-05
cat__diag_1_581,8.362206892876181e-05
cat__diag_2_309,8.312963486628339e-05
cat__diag_1_568,8.28912785327214e-05
cat__diag_3_435,8.285533370720199e-05
cat__diag_3_490,8.259516050130833e-05
cat__diag_1_586,8.215321798606501e-05
cat__diag_2_437,8.212983431242534e-05
cat__diag_2_42,8.175662812697106e-05
cat__diag_1_172,8.118982316533837e-05
cat__diag_2_441,8.10468286099698e-05
cat__diag_3_441,8.086116991686256e-05
cat__diag_1_935,8.066936098743223e-05
cat__diag_1_275,8.055370456525552e-05
cat__diag_2_552,8.037730928859535e-05
cat__diag_2_711,7.994845045250544e-05
cat__diag_2_255,7.957371553592647e-05
cat__diag_1_490,7.895492421010443e-05
cat__diag_1_620,7.883083504624536e-05
cat__diag_1_396,7.843169499005594e-05
cat__diag_3_E885,7.83764704302402e-05
cat__diag_1_738,7.812531205851212e-05
cat__diag_3_709,7.71050081984212e-05
cat__diag_2_154,7.702288122807517e-05
cat__diag_3_625,7.655818479401983e-05
cat__diag_3_289,7.608529969162406e-05
cat__diag_2_289,7.592383667744004e-05
cat__diag_2_319,7.58175038779915e-05
cat__diag_3_755,7.579987827316415e-05
cat__diag_3_150,7.526828335427422e-05
cat__diag_2_E879,7.519846571542015e-05
cat__diag_3_532,7.518414752084904e-05
cat__diag_1_718,7.517303768350185e-05
cat__diag_2_277,7.506154363752762e-05
cat__diag_1_340,7.476193021312555e-05
cat__diag_2_253,7.417744337645577e-05
cat__diag_2_40,7.400401264180577e-05
cat__diag_1_457,7.38639422640775e-05
cat__diag_1_646,7.366081492053937e-05
cat__diag_3_157,7.300719889344651e-05
cat__diag_2_794,7.293984207516215e-05
cat__diag_1_350,7.285549035316399e-05
cat__diag_3_253,7.275118489401093e-05
cat__diag_1_813,7.272078691744862e-05
cat__diag_2_V18,7.256442794461237e-05
cat__diag_1_429,7.219430754611929e-05
cat__diag_3_156,7.197125157161591e-05
cat__diag_2_301,7.159127906321859e-05
cat__diag_1_203,7.126012284577204e-05
cat__diag_3_478,7.04058428669997e-05
cat__repaglinide_Down,7.008517906826449e-05
cat__diag_2_716,6.94782944868318e-05
cat__diag_2_291,6.927587663895982e-05
cat__diag_1_860,6.877814953291769e-05
cat__diag_1_250.43,6.853109172779803e-05
cat__diag_3_924,6.849673988346663e-05
cat__diag_1_555,6.806349682353373e-05
cat__diag_3_756,6.766914135377803e-05
cat__diag_2_191,6.761450077146789e-05
cat__diag_1_494,6.71013000198726e-05
cat__diag_2_189,6.704088070201405e-05
cat__diag_3_695,6.695274638218045e-05
cat__diag_2_V12,6.671595606563497e-05
cat__diag_1_423,6.664467982722847e-05
cat__diag_1_42,6.638973355377071e-05
cat__miglitol_No,6.618032392336714e-05
cat__diag_3_344,6.61112638275008e-05
cat__diag_3_283,6.59976391827505e-05
cat__diag_1_723,6.595045239203004e-05
cat__diag_3_E944,6.592274408376453e-05
cat__diag_2_500,6.566317256141128e-05
cat__diag_3_135,6.564915226263174e-05
cat__diag_1_962,6.559998286929426e-05
cat__diag_3_277,6.53219362915216e-05
cat__diag_1_374,6.482944613308777e-05
cat__diag_2_250.53,6.476831745694672e-05
cat__diag_3_346,6.421826340812917e-05
cat__diag_1_965,6.402384030339319e-05
cat__diag_1_193,6.389866091781473e-05
cat__diag_3_537,6.385249134271605e-05
cat__diag_3_600,6.31407800958462e-05
cat__diag_3_517,6.305327798848868e-05
cat__diag_3_590,6.285910968717951e-05
cat__diag_2_344,6.245475208642544e-05
cat__diag_3_155,6.221007931523633e-05
cat__diag_3_442,6.220042999345358e-05
cat__diag_3_250.83,6.205819740842848e-05
cat__diag_3_274,6.203430051679885e-05
cat__diag_2_53,6.200962403430732e-05
cat__diag_1_263,6.196574005462235e-05
cat__diag_2_186,6.128727885497362e-05
cat__diag_3_362,6.0682168195045585e-05
cat__diag_3_131,6.021881917578184e-05
cat__diag_3_379,6.001919135841224e-05
cat__diag_3_415,5.990970472348593e-05
cat__diag_3_482,5.9664997355576615e-05
cat__diag_1_480,5.910989318072295e-05
cat__diag_3_568,5.910578328659704e-05
cat__diag_3_E932,5.88399453818143e-05
cat__diag_3_318,5.875497093676684e-05
cat__diag_1_34,5.872002075216742e-05
cat__diag_1_731,5.828303817017806e-05
cat__diag_1_9,5.823202378139381e-05
cat__diag_3_446,5.7918970536447274e-05
cat__diag_1_478,5.785761662915897e-05
cat__diag_3_457,5.756202030395553e-05
cat__diag_3_312,5.751781069979232e-05
cat__diag_3_345,5.751556760119195e-05
cat__diag_3_519,5.7085231256421964e-05
cat__diag_1_200,5.706500901252091e-05
cat__diag_3_614,5.705701018589726e-05
cat__diag_1_626,5.6855073189145266e-05
cat__diag_2_E849,5.64351764668109e-05
cat__diag_3_477,5.591765710163915e-05
cat__diag_3_522,5.559810286856265e-05
cat__diag_1_714,5.515587349560558e-05
cat__diag_2_V09,5.4831018384882264e-05
cat__diag_1_727,5.476156585077336e-05
cat__diag_3_726,5.455501409205927e-05
cat__diag_2_211,5.440664284713796e-05
cat__diag_2_368,5.4216822869051236e-05
cat__diag_2_297,5.419986535769703e-05
cat__diag_1_783,5.4044101918495005e-05
cat__diag_2_110,5.3992531944746824e-05
cat__diag_2_600,5.389872896203238e-05
cat__diag_3_153,5.386402782454569e-05
cat__diag_2_136,5.383851840629277e-05
cat__diag_1_151,5.368636248759495e-05
cat__diag_2_845,5.3552190311220706e-05
cat__diag_3_531,5.336761132608045e-05
cat__diag_1_394,5.321022458267831e-05
cat__diag_2_490,5.318963573096687e-05
cat__diag_1_794,5.3110496767781924e-05
cat__diag_2_307,5.30340399883896e-05
cat__diag_1_802,5.2712817275086365e-05
cat__diag_2_583,5.255807494088094e-05
cat__diag_1_283,5.2222203124700297e-05
cat__diag_3_250.12,5.2165706918296246e-05
cat__diag_2_V61,5.203593028595382e-05
cat__diag_2_193,5.1764061906308016e-05
cat__diag_2_250.11,5.1577436058294824e-05
cat__diag_2_327,5.1094949166078216e-05
cat__diag_2_934,5.104980028686825e-05
cat__diag_2_V08,5.092300046476519e-05
cat__diag_2_283,5.075297245794179e-05
cat__diag_2_516,5.044607568279833e-05
cat__diag_1_250.31,5.026982132121477e-05
cat__diag_1_526,5.01675042169866e-05
cat__diag_2_454,5.007678280998907e-05
cat__diag_2_V64,4.980754111985967e-05
cat__diag_3_V55,4.975930343828127e-05
cat__diag_2_480,4.9633014216393535e-05
cat__diag_1_253,4.962255171977547e-05
cat__diag_3_E950,4.9615906287939266e-05
cat__diag_2_727,4.958302137853306e-05
cat__diag_1_235,4.9444246192885126e-05
cat__diag_2_282,4.91276036843594e-05
cat__diag_2_705,4.912712029751587e-05
cat__diag_3_117,4.875435355061782e-05
cat__diag_1_47,4.8576385081373124e-05
cat__diag_1_510,4.828021909947642e-05
cat__diag_1_964,4.820850270446097e-05
cat__diag_2_138,4.7948957041684016e-05
cat__diag_2_617,4.757060857181309e-05
cat__diag_2_481,4.751837639992496e-05
cat__diag_1_333,4.740972130749727e-05
cat__diag_3_512,4.690282929999723e-05
cat__diag_1_208,4.6854214289020314e-05
cat__diag_1_644,4.675412612659747e-05
cat__diag_3_892,4.673128908977667e-05
cat__diag_2_714,4.6701138652583845e-05
cat__diag_2_155,4.65684807018426e-05
cat__diag_1_442,4.6521151122646105e-05
cat__diag_2_494,4.633871220890804e-05
cat__diag_3_487,4.611120264093244e-05
cat__diag_3_456,4.5766027813820707e-05
cat__diag_3_V27,4.561610572000334e-05
cat__diag_3_E939,4.560324682357933e-05
cat__diag_1_522,4.5550885677154435e-05
cat__diag_3_398,4.5024710770780944e-05
cat__diag_3_405,4.495903461057261e-05
cat__diag_2_250.1,4.481347412819009e-05
cat__diag_3_E879,4.474680084265579e-05
cat__diag_3_V08,4.472351141127278e-05
cat__diag_2_431,4.4723049962328666e-05
cat__diag_3_261,4.460741201626822e-05
cat__diag_2_802,4.458070898479694e-05
cat__diag_2_312,4.355061699595283e-05
cat__diag_1_146,4.324515599995462e-05
cat__diag_1_659,4.310526613393226e-05
cat__diag_1_485,4.303158982900572e-05
cat__diag_2_924,4.2629235329412466e-05
cat__diag_1_473,4.2496535306513066e-05
cat__diag_3_434,4.246413674403067e-05
cat__diag_1_492,4.220960874156798e-05
cat__diag_3_333,4.210954397834027e-05
cat__diag_3_812,4.182405167221269e-05
cat__diag_1_508,4.1290328016755176e-05
cat__diag_2_742,4.0816663716431035e-05
cat__diag_2_860,4.0554976206036876e-05
cat__diag_1_475,4.046848008294671e-05
cat__diag_3_576,4.0435441636727814e-05
cat__diag_1_277,4.0408224981788465e-05
cat__diag_3_716,4.021813278047223e-05
cat__diag_2_852,4.003860729366698e-05
cat__diag_1_171,3.990767481995311e-05
cat__diag_3_250.93,3.9904164088971377e-05
cat__diag_3_E880,3.971677910912348e-05
cat__diag_2_E942,3.951814079577179e-05
cat__diag_2_199,3.926722431189971e-05
cat__diag_2_349,3.922138217836411e-05
cat__diag_3_E947,3.91141465464813e-05
cat__diag_2_245,3.889271526674864e-05
cat__diag_3_524,3.870946262407638e-05
cat__diag_1_588,3.870728812646145e-05
cat__diag_2_E945,3.834028511215608e-05
cat__diag_2_696,3.831672185747779e-05
cat__diag_2_394,3.830340828856889e-05
cat__diag_1_430,3.816935617488552e-05
cat__diag_1_527,3.813155642107393e-05
cat__diag_1_23,3.808133056728533e-05
cat__diag_3_V60,3.806240485595343e-05
cat__diag_1_853,3.803012611485191e-05
cat__diag_2_V63,3.7991327547283726e-05
cat__diag_3_595,3.786059995490949e-05
cat__diag_2_346,3.7842903187219934e-05
cat__diag_1_196,3.7827607826954346e-05
cat__diag_1_150,3.780905617737685e-05
cat__diag_3_E922,3.778811629531598e-05
cat__diag_3_805,3.770597276564808e-05
cat__diag_1_310,3.7671295134344866e-05
cat__diag_2_555,3.756518346304769e-05
cat__diag_2_873,3.7275376179204e-05
cat__diag_2_250.93,3.7244529499252886e-05
cat__diag_3_394,3.7140404431774684e-05
cat__diag_2_262,3.7128866101424555e-05
cat__diag_3_646,3.7055710083221305e-05
cat__diag_1_155,3.6919415372035355e-05
cat__diag_3_V65,3.691547009066945e-05
cat__diag_1_627,3.689715540668811e-05
cat__diag_3_908,3.628484392628287e-05
cat__diag_3_282,3.6173928625512547e-05
cat__diag_1_135,3.6149747094180474e-05
cat__diag_3_552,3.6132877807457906e-05
cat__diag_3_341,3.609665208532265e-05
cat__diag_3_365.44,3.594478251415685e-05
cat__diag_3_79,3.593805840150411e-05
cat__diag_1_519,3.5926404327725145e-05
cat__diag_3_313,3.5690385743405167e-05
cat__diag_1_906,3.567144121325641e-05
cat__diag_1_376,3.558061832193704e-05
cat__diag_1_227,3.557463666613626e-05
cat__diag_2_151,3.5485606206463936e-05
cat__diag_1_452,3.539972623319835e-05
cat__diag_1_356,3.532077936943183e-05
cat__diag_2_608,3.530103976028799e-05
cat__diag_1_695,3.4626184329879245e-05
cat__diag_3_369,3.458186117146658e-05
cat__diag_3_189,3.456483416027822e-05
cat__acarbose_Up,3.440545292778078e-05
cat__diag_2_512,3.4365951228101326e-05
cat__diag_3_501,3.4249670765706864e-05
cat__diag_2_557,3.4200372632237795e-05
cat__diag_2_812,3.397568072687558e-05
cat__diag_2_V17,3.390987529011329e-05
cat__diag_3_980,3.375175581048808e-05
cat__diag_1_286,3.362300013457787e-05
cat__diag_1_383,3.356735445086141e-05
cat__diag_3_309,3.3562979450054585e-05
cat__diag_1_307,3.34695119826325e-05
cat__diag_2_618,3.3420815812095316e-05
cat__miglitol_Steady,3.339184640894106e-05
cat__diag_2_446,3.32938866926239e-05
cat__diag_3_94,3.323640877932753e-05
cat__diag_3_698,3.322660919971696e-05
cat__diag_3_588,3.2962794881733406e-05
cat__diag_3_250.91,3.290830437731923e-05
cat__diag_3_873,3.2681647824210076e-05
cat__diag_2_473,3.222997726060692e-05
cat__diag_1_349,3.2093134237166195e-05
cat__diag_3_208,3.1916972039610774e-05
cat__diag_3_365,3.182593895268436e-05
cat__diag_2_E884,3.1675376445525926e-05
cat__diag_1_710,3.16311624096866e-05
cat__diag_3_218,3.161811788137717e-05
cat__diag_1_251,3.158560558271045e-05
cat__diag_1_573,3.1503315637828116e-05
cat__diag_3_750,3.128759324781969e-05
cat__diag_2_358,3.1234218119483907e-05
cat__diag_3_368,3.1233274793084186e-05
cat__diag_3_791,3.121344402744445e-05
cat__diag_1_V56,3.119724585486385e-05
cat__diag_3_959,3.096634680684651e-05
cat__diag_1_199,3.05428250224276e-05
cat__diag_3_338,3.035309707965387e-05
cat__tolazamide_Steady,3.0195820139139935e-05
cat__glyburide-metformin_Down,2.9992297441445643e-05
cat__diag_2_823,2.9959371923221488e-05
cat__diag_3_647,2.9938875500503522e-05
cat__diag_1_82,2.989619206555785e-05
cat__diag_2_174,2.964767094770929e-05
cat__diag_3_727,2.9588812419530357e-05
cat__diag_1_451,2.914696330113922e-05
cat__diag_2_338,2.903715225830518e-05
cat__diag_3_945,2.8958509108196572e-05
cat__diag_3_999,2.890146594778934e-05
cat__diag_3_386,2.8502079321195783e-05
cat__diag_1_516,2.8417027627499605e-05
cat__diag_2_E880,2.8236957579738744e-05
cat__diag_1_661,2.8153050837163905e-05
cat__diag_2_747,2.799385216191001e-05
cat__diag_2_451,2.7963610777937334e-05
cat__diag_3_420,2.7953837900249596e-05
cat__diag_2_341,2.7852630115509297e-05
cat__diag_2_172,2.7753628404294113e-05
cat__diag_2_627,2.7538897388880148e-05
cat__diag_3_808,2.753580954482554e-05
cat__diag_2_565,2.7464972130983775e-05
cat__diag_3_250.11,2.7413355785070703e-05
cat__diag_3_891,2.740380465197246e-05
cat__diag_3_737,2.7293537610801716e-05
cat__diag_1_851,2.725511810320179e-05
cat__diag_2_335,2.7226826435324502e-05
cat__diag_1_380,2.7189455429280328e-05
cat__diag_1_611,2.714650921385315e-05
cat__diag_1_604,2.7019412650198855e-05
cat__diag_3_281,2.6930251534009412e-05
cat__diag_1_250.93,2.6761890964902997e-05
cat__diag_1_205,2.6710722734134265e-05
cat__diag_1_658,2.666877594193162e-05
cat__diag_2_E936,2.633480283196847e-05
cat__diag_2_474,2.6165131312618003e-05
cat__diag_1_533,2.6118535585695632e-05
cat__diag_1_306,2.6070005004612633e-05
cat__diag_2_185,2.5991037838599017e-05
cat__diag_3_506,2.5970999705964783e-05
cat__diag_2_E932,2.590868857993149e-05
cat__diag_3_607,2.5863250900325133e-05
cat__diag_2_274,2.5790213240510457e-05
cat__diag_1_972,2.5759340012760597e-05
cat__diag_3_533,2.5405169382347346e-05
cat__diag_3_266,2.5344021402644258e-05
cat__diag_1_529,2.5250768042175442e-05
cat__diag_2_436,2.5168675791229837e-05
cat__diag_2_250.22,2.5090210643999434e-05
cat__diag_2_420,2.5089040461564143e-05
cat__diag_3_567,2.485932213962574e-05
cat__diag_3_598,2.4792085201188023e-05
cat__diag_3_686,2.4756520810654784e-05
cat__diag_2_201,2.475212130613753e-05
cat__diag_3_E936,2.4741954639425452e-05
cat__diag_2_736,2.4667053743522005e-05
cat__diag_1_255,2.465950183251747e-05
cat__diag_1_816,2.4326032431806427e-05
cat__diag_3_618,2.4253095410000636e-05
cat__diag_3_725,2.4226554478830656e-05
cat__diag_3_200,2.4110551399004687e-05
cat__diag_3_154,2.406727935905084e-05
cat__diag_3_813,2.387510737909927e-05
cat__diag_1_882,2.3727183143014366e-05
cat__diag_3_692,2.3685538196308382e-05
cat__diag_2_753,2.3668463736399966e-05
cat__glipizide-metformin_Steady,2.3658092951488194e-05
cat__diag_3_53,2.3542834789319565e-05
cat__diag_1_359,2.3454794517516048e-05
cat__diag_1_250.32,2.317906908272209e-05
cat__diag_1_327,2.314106830155703e-05
cat__diag_3_E927,2.307580098036291e-05
cat__diag_3_250.13,2.3069800225304046e-05
cat__diag_3_917,2.301908517707576e-05
cat__diag_2_745,2.3004293311478935e-05
cat__diag_3_555,2.2967498149412022e-05
cat__diag_3_494,2.294395351413118e-05
cat__diag_2_522,2.281423692897399e-05
cat__diag_3_802,2.268068906510386e-05
cat__diag_2_712,2.2667197911017607e-05
cat__diag_1_354,2.2333662275806046e-05
cat__diag_3_110,2.231449620651985e-05
cat__diag_1_152,2.2244664108331284e-05
cat__diag_3_745,2.2201710203941158e-05
cat__diag_2_79,2.1959086475940867e-05
cat__diag_3_616,2.1957213256150078e-05
cat__diag_2_532,2.1874975611714877e-05
cat__diag_2_850,2.1692830082994615e-05
cat__diag_1_617,2.1545833210714014e-05
cat__diag_1_528,2.1167280726570193e-05
cat__diag_1_534,2.1083130874843414e-05
cat__diag_3_586,2.1026807354185935e-05
cat__diag_3_241,2.089379466320621e-05
cat__diag_1_570,2.08165103846303e-05
cat__diag_1_382,2.0773707812928887e-05
cat__diag_3_250.9,2.070907145028498e-05
cat__diag_2_208,2.070825158084219e-05
cat__diag_1_446,2.0686745126083256e-05
cat__diag_1_183,2.049756034566592e-05
cat__diag_2_429,2.0484275521893755e-05
cat__diag_3_660,2.0379107215763536e-05
cat__diag_2_261,2.0303557333466486e-05
cat__diag_2_514,2.0248537811984034e-05
cat__nateglinide_Down,2.0226388632990233e-05
cat__diag_3_262,2.0167825741211104e-05
cat__diag_2_519,2.0091844168525574e-05
cat__diag_2_958,2.008921435779573e-05
cat__diag_2_432,1.9892902365583793e-05
cat__diag_1_220,1.9807996353872784e-05
cat__diag_2_386,1.97468534255783e-05
cat__diag_3_V44,1.9745515488872665e-05
cat__diag_1_250.3,1.974168476627204e-05
cat__diag_1_616,1.968969511585091e-05
cat__diag_3_659,1.937805794225371e-05
cat__diag_3_844,1.916993291716723e-05
cat__diag_3_801,1.915711060913084e-05
cat__diag_3_521,1.902935071768583e-05
cat__glipizide-metformin_No,1.9009247176562953e-05
cat__tolazamide_No,1.9003854005700424e-05
cat__diag_3_753,1.8953963463247798e-05
cat__diag_3_736,1.89070646883343e-05
cat__diag_2_738,1.88979848059311e-05
cat__diag_2_989,1.886566175788163e-05
cat__diag_1_928,1.881762529430296e-05
cat__diag_3_347,1.868949697844291e-05
cat__diag_1_379,1.8558259333484128e-05
cat__diag_1_355,1.8377979007087347e-05
cat__diag_1_456,1.8193688333367203e-05
cat__diag_2_117,1.819260507569827e-05
cat__diag_3_861,1.8073158008283965e-05
cat__diag_2_718,1.803899467098754e-05
cat__diag_2_750,1.7976394783098694e-05
cat__diag_2_865,1.7866403239499874e-05
cat__diag_3_738,1.7742591155951943e-05
cat__diag_1_942,1.7693380323039837e-05
cat__diag_2_V44,1.764071314273792e-05
cat__diag_1_V53,1.7615773006361717e-05
cat__diag_3_514,1.7582656158542904e-05
cat__diag_1_933,1.754404289807504e-05
cat__diag_3_696,1.7518580221309035e-05
cat__diag_3_186,1.7455476804554787e-05
cat__diag_2_626,1.7102385703718262e-05
cat__diag_2_442,1.6991324847199996e-05
cat__diag_2_E924,1.6960986677744916e-05
cat__diag_1_999,1.692672358398489e-05
cat__diag_1_233,1.6827112968976215e-05
cat__diag_1_973,1.6812152974549167e-05
cat__diag_1_892,1.6766851041133207e-05
cat__diag_3_601,1.6745444191853584e-05
cat__diag_2_423,1.6596760707574902e-05
cat__diag_3_E934,1.6568826686226152e-05
cat__diag_2_959,1.648215040244606e-05
cat__diag_3_V17,1.638783143489709e-05
cat__diag_3_705,1.637158662322684e-05
cat__diag_1_607,1.6336227658056432e-05
cat__diag_2_252,1.6293290017482077e-05
cat__diag_2_250.2,1.621474168764566e-05
cat__diag_1_341,1.6069638167060966e-05
cat__diag_2_570,1.5932481515815555e-05
cat__diag_3_183,1.5924274127003102e-05
cat__diag_2_825,1.586323936976333e-05
cat__diag_2_279,1.5725748371277267e-05
cat__diag_1_850,1.56992146899055e-05
cat__diag_3_E956,1.567051443072586e-05
cat__diag_3_E817,1.5618646135298876e-05
cat__diag_3_E937,1.555752419825143e-05
cat__diag_1_5,1.5542588827095682e-05
cat__diag_3_111,1.5505449225997582e-05
cat__diag_3_909,1.497461996598677e-05
cat__diag_2_485,1.4833057357572004e-05
cat__diag_2_616,1.4764266951508694e-05
cat__diag_3_358,1.476175751151435e-05
cat__diag_1_958,1.4655443370742853e-05
cat__diag_1_825,1.4652115847838314e-05
cat__diag_3_233,1.4515099518229333e-05
cat__diag_1_680,1.4454485973229471e-05
cat__diag_1_250.33,1.444458232214036e-05
cat__diag_1_252,1.442080504232498e-05
cat__diag_2_382,1.4420627720824602e-05
cat__diag_2_586,1.4361447263563242e-05
cat__diag_3_680,1.421837593276376e-05
cat__diag_1_305,1.4147482039651068e-05
cat__diag_1_952,1.4123983072094233e-05
cat__diag_1_861,1.4052554490812517e-05
cat__diag_1_201,1.4038114176741827e-05
cat__diag_3_49,1.4011015846085213e-05
cat__diag_2_336,1.4000254738985184e-05
cat__diag_1_685,1.3986560994245803e-05
cat__diag_1_156,1.3940898523874384e-05
cat__diag_1_556,1.3758030871835192e-05
cat__diag_2_824,1.3756237345860762e-05
cat__diag_3_389,1.3750128324334139e-05
cat__diag_1_890,1.3662752399498166e-05
cat__diag_3_582,1.3568478373393957e-05
cat__diag_2_891,1.3475660505310696e-05
cat__diag_1_351,1.3460916719661754e-05
cat__diag_1_843,1.3250138915368546e-05
cat__diag_3_867,1.3149534106744157e-05
cat__diag_2_E937,1.3098499864812015e-05
cat__diag_1_230,1.2880330090557591e-05
cat__diag_3_V66,1.2767370056496185e-05
cat__diag_3_967,1.273898840746211e-05
cat__diag_2_792,1.2665107783171167e-05
cat__nateglinide_Up,1.2572492256301106e-05
cat__diag_2_54,1.2475651676862303e-05
cat__diag_3_366,1.2452274242447218e-05
cat__diag_3_461,1.2450907784789055e-05
cat__diag_1_397,1.2377371883883881e-05
cat__diag_2_421,1.2297511436365193e-05
cat__diag_1_826,1.2249483992272159e-05
cat__diag_3_250.1,1.2236593706126045e-05
cat__diag_3_356,1.2210194517624908e-05
cat__diag_2_495,1.2115479041482158e-05
cat__diag_1_904,1.2111312654502465e-05
cat__diag_2_620,1.1971739799114461e-05
cat__diag_1_158,1.1809624898637342e-05
cat__diag_1_623,1.1800929508669055e-05
cat__diag_1_163,1.173020628919217e-05
cat__diag_3_251,1.172199215252903e-05
cat__diag_3_E816,1.1663355597144261e-05
cat__diag_2_826,1.1655946768482719e-05
cat__diag_1_847,1.1651739302830893e-05
cat__diag_2_E935,1.1642851460380146e-05
cat__diag_3_V14,1.1593112814676533e-05
cat__diag_3_619,1.1590733853574138e-05
cat__diag_1_461,1.152710521031027e-05
cat__diag_2_642,1.1525657921101167e-05
cat__diag_2_783,1.1480175294230683e-05
cat__diag_2_713,1.146442996570991e-05
cat__diag_3_454,1.1449395724238688e-05
cat__diag_1_720,1.1446074355812487e-05
cat__diag_1_88,1.1387278370667078e-05
cat__diag_2_333,1.1377998953133603e-05
cat__diag_3_V72,1.1369559280314475e-05
cat__diag_2_179,1.135434726049129e-05
cat__diag_3_141,1.1319757679308396e-05
cat__diag_3_V62,1.1311548913712768e-05
cat__diag_2_478,1.1278059538126509e-05
cat__diag_1_725,1.1252018102968426e-05
cat__diag_2_171,1.1175901072709746e-05
cat__diag_3_852,1.0946934561227629e-05
cat__diag_3_534,1.0930004561170478e-05
cat__diag_1_541,1.0792446279685893e-05
cat__diag_1_161,1.0707013273063129e-05
cat__diag_3_279,1.0676820055907672e-05
cat__diag_3_260,1.0633809772167404e-05
cat__diag_1_974,1.057516993409777e-05
cat__diag_1_289,1.0569312710348557e-05
cat__diag_1_521,1.0473683863017453e-05
cat__diag_3_306,1.0420623794469804e-05
cat__diag_1_52,1.0392565125365567e-05
cat__diag_2_114,1.0387676681994088e-05
cat__diag_1_591,1.038081895066073e-05
cat__diag_2_218,1.0364768494525099e-05
cat__diag_2_821,1.0362110907408259e-05
cat__diag_1_736,1.0252294877565748e-05
cat__diag_3_378,1.0244040532378976e-05
cat__diag_1_641,1.0099467098452286e-05
cat__diag_2_E814,1.007077783056153e-05
cat__diag_1_831,9.813213634427845e-06
cat__diag_3_V57,9.786337575876457e-06
cat__diag_1_977,9.77779002368575e-06
cat__diag_2_999,9.740056893113708e-06
cat__diag_3_556,9.694287082981989e-06
cat__diag_3_188,9.688774925776674e-06
cat__diag_1_920,9.639706434125277e-06
cat__tolbutamide_Steady,9.621079619590755e-06
cat__diag_2_281,9.610841912930457e-06
cat__diag_1_V60,9.577818730518476e-06
cat__diag_2_913,9.577210273542552e-06
cat__diag_3_824,9.507907753338942e-06
cat__diag_1_513,9.496286617498183e-06
cat__diag_3_297,9.485706731324792e-06
cat__diag_3_580,9.469044815933678e-06
cat__diag_2_356,9.427002847804852e-06
cat__diag_2_693,9.151917508789279e-06
cat__diag_2_11,9.075622521966363e-06
cat__diag_3_314,9.062242625455712e-06
cat__diag_3_570,9.033679191422047e-06
cat__diag_3_713,9.027438809819453e-06
cat__diag_3_179,9.020377187725498e-06
cat__glyburide-metformin_Up,8.979131263529651e-06
cat__diag_1_299,8.948741532870077e-06
cat__diag_2_513,8.868476200738122e-06
cat__diag_1_747,8.846774989052538e-06
cat__diag_3_462,8.826787209380132e-06
cat__diag_3_E928,8.80412831886877e-06
cat__diag_2_975,8.784228123475565e-06
cat__diag_3_V02,8.67187818966353e-06
cat__diag_2_455,8.54813473067346e-06
cat__diag_3_391,8.537399809731345e-06
cat__diag_2_377,8.47503558917455e-06
cat__diag_2_275,8.446933725110395e-06
cat__diag_2_741,8.435529684099153e-06
cat__diag_3_250.21,8.43447966448958e-06
cat__diag_2_E930,8.394011459876533e-06
cat__diag_2_813,8.3759508782731e-06
cat__diag_2_354,8.34308099923525e-06
cat__diag_2_619,8.320391731665093e-06
cat__diag_3_579,8.297752234007208e-06
cat__diag_3_349,8.214312064462705e-06
cat__diag_1_865,8.185452457631625e-06
cat__diag_1_272,8.157902080532536e-06
cat__diag_1_693,8.151331248330193e-06
cat__diag_1_709,8.056218657376953e-06
cat__diag_1_320,8.052418105100926e-06
cat__diag_3_205,7.958501875042683e-06
cat__diag_3_965,7.880697885762384e-06
cat__diag_2_566,7.848258316564906e-06
cat__diag_1_31,7.828576189325028e-06
cat__diag_1_844,7.826833134482895e-06
cat__diag_2_163,7.777042230046949e-06
cat__diag_2_920,7.707946058465562e-06
cat__diag_2_320,7.684459273801115e-06
cat__diag_1_601,7.626709393479842e-06
cat__diag_3_334,7.533597641813105e-06
cat__diag_3_307,7.3068620209449645e-06
cat__diag_3_225,7.292023357353818e-06
cat__diag_1_335,7.154515325546921e-06
cat__diag_1_854,7.14250999382494e-06
cat__diag_2_510,7.1402227652257285e-06
cat__diag_3_V53,7.114759620785875e-06
cat__diag_2_649,7.075109192615311e-06
cat__diag_3_171,7.060513554477454e-06
cat__diag_2_362,6.9752271581954725e-06
cat__diag_1_836,6.9621315546178255e-06
cat__diag_2_266,6.8913418166726175e-06
cat__diag_2_214,6.878662047249043e-06
cat__diag_2_364,6.8668340522497344e-06
cat__diag_2_359,6.8012006706601956e-06
cat__diag_3_E901,6.7826121341148876e-06
cat__diag_3_250.22,6.780021465730086e-06
cat__diag_1_304,6.778205570535585e-06
cat__diag_2_378,6.7706693078966225e-06
cat__diag_1_368,6.76960606314077e-06
cat__diag_3_701,6.766854324303605e-06
cat__diag_1_840,6.76097812393758e-06
cat__diag_2_487,6.707622825279549e-06
cat__diag_3_792,6.689126246006655e-06
cat__diag_3_923,6.663706164033049e-06
cat__diag_3_E912,6.65774284039477e-06
cat__diag_2_614,6.640522415573165e-06
cat__diag_2_250.21,6.63322571015304e-06
cat__diag_3_372,6.5969298024099315e-06
cat__diag_1_54,6.567504091635553e-06
cat__diag_1_565,6.5535403565383516e-06
cat__diag_3_991,6.536308675760898e-06
cat__diag_2_317,6.501508594551978e-06
cat__diag_3_602,6.445122915225377e-06
cat__diag_1_377,6.418242482516722e-06
cat__diag_1_594,6.41039663661882e-06
cat__diag_1_660,6.32356772379425e-06
cat__diag_3_620,6.267556662004019e-06
cat__diag_1_195,6.251493254162706e-06
cat__diag_1_621,6.234158939327576e-06
cat__diag_2_188,6.234132257409293e-06
cat__diag_1_347,6.0418634598121846e-06
cat__diag_3_192,6.036110890307711e-06
cat__diag_3_436,5.996544059906127e-06
cat__diag_3_355,5.995306189617741e-06
cat__diag_1_815,5.994716358388479e-06
cat__diag_3_854,5.992404675827478e-06
cat__diag_2_709,5.977317882085107e-06
cat__diag_3_652,5.963944764387074e-06
cat__diag_1_663,5.95182824796672e-06
cat__diag_3_E941,5.9505927659892525e-06
cat__diag_2_717,5.948661535350194e-06
cat__diag_2_9,5.8737048900724e-06
cat__diag_3_523,5.85984866861048e-06
cat__diag_2_517,5.814024191956766e-06
cat__diag_3_351,5.78631599067514e-06
cat__tolbutamide_No,5.76027653589793e-06
cat__diag_1_337,5.611034036270462e-06
cat__diag_3_E884,5.58369221289301e-06
cat__diag_3_758,5.577562327970014e-06
cat__diag_1_656,5.576554034179051e-06
cat__diag_3_608,5.5515730488386075e-06
cat__diag_3_597,5.496834893445761e-06
cat__diag_1_674,5.48889662156281e-06
cat__diag_2_258,5.486109730956741e-06
cat__diag_3_922,5.457419439408487e-06
cat__diag_2_260,5.447063595717451e-06
cat__diag_3_382,5.438169520522471e-06
cat__diag_3_421,5.4348101424981144e-06
cat__diag_2_698,5.3224002456448225e-06
cat__diag_3_336,5.314058456567943e-06
cat__diag_3_E812,5.286624406413985e-06
cat__diag_1_237,5.280354585166929e-06
cat__diag_1_705,5.207330531934937e-06
cat__diag_1_261,5.103503203794592e-06
cat__diag_3_865,5.0522776368527755e-06
cat__diag_1_462,5.041553651879502e-06
cat__diag_2_V46,5.033706128113206e-06
cat__diag_2_685,4.981881274955662e-06
cat__diag_2_654,4.9725874751219414e-06
cat__diag_3_744,4.970390224074634e-06
cat__diag_2_796,4.865932076186533e-06
cat__diag_1_175,4.8652035590992734e-06
cat__diag_3_V63,4.748387139775111e-06
cat__diag_3_E946,4.679967023424479e-06
cat__diag_2_756,4.6598282858950045e-06
cat__diag_2_225,4.603176973275243e-06
cat__diag_1_986,4.588199533319087e-06
cat__diag_1_734,4.551753766902785e-06
cat__diag_1_801,4.5112002596831705e-06
cat__diag_1_378,4.511039195200906e-06
cat__diag_3_611,4.491745865350635e-06
cat__diag_1_35,4.467136436763794e-06
cat__diag_1_11,4.452239803464683e-06
cat__diag_1_867,4.43904229594609e-06
cat__diag_1_27,4.410682945855915e-06
cat__diag_2_369,4.39248816732352e-06
cat__diag_2_E927,4.349769194225808e-06
cat__diag_3_172,4.326333717159182e-06
cat__diag_1_991,4.271029532196844e-06
cat__diag_1_968,4.266244110997503e-06
cat__diag_1_971,4.245285764254951e-06
cat__diag_3_158,4.2318363569526605e-06
cat__diag_2_462,4.213158805927297e-06
cat__diag_3_797,4.196938022823032e-06
cat__diag_2_V65,4.180684972007113e-06
cat__diag_3_34,4.132006997499265e-06
cat__diag_3_918,4.130337741050849e-06
cat__diag_2_737,4.101630225875403e-06
cat__diag_2_540,4.0683255314678765e-06
cat__diag_2_881,4.005971676554871e-06
cat__diag_2_588,3.975814357814263e-06
cat__diag_3_E931,3.970706461828354e-06
cat__diag_3_E900,3.952726442686773e-06
cat__diag_3_958,3.889571616936644e-06
cat__diag_2_E917,3.888057348115801e-06
cat__diag_2_905,3.872478861503344e-06
cat__diag_2_240,3.858895017069571e-06
cat__diag_3_594,3.761188531527706e-06
cat__diag_2_310,3.7542705728882476e-06
cat__diag_3_690,3.733162704430973e-06
cat__diag_1_543,3.725082807823008e-06
cat__diag_3_708,3.717947129317894e-06
cat__diag_2_695,3.708012327074571e-06
cat__diag_3_626,3.6956315545681615e-06
cat__diag_3_9,3.620183770242106e-06
cat__diag_3_377,3.6151891750394895e-06
cat__diag_2_692,3.599793227193298e-06
cat__diag_2_974,3.5862735935754857e-06
cat__diag_1_936,3.5756104883367477e-06
cat__diag_2_607,3.5751015482406666e-06
cat__diag_1_141,3.546889910702509e-06
cat__diag_2_550,3.5143168913078045e-06
cat__diag_2_556,3.4886785504440706e-06
cat__diag_2_933,3.436681828655004e-06
cat__diag_3_E887,3.4330088218229117e-06
cat__diag_1_323,3.431034297191648e-06
cat__diag_3_881,3.3977928429767166e-06
cat__diag_3_451,3.3801224114513895e-06
cat__diag_3_934,3.3548420231640806e-06
cat__diag_1_192,3.304856807562496e-06
cat__diag_1_250.9,3.290151774314829e-06
cat__diag_2_483,3.2602121496945374e-06
cat__diag_3_E930,3.2527786349150076e-06
cat__diag_1_603,3.1989382038702914e-06
cat__diag_1_273,3.198459521792917e-06
cat__diag_2_656,3.1893250333946515e-06
cat__diag_2_836,3.1858755897306423e-06
cat__diag_3_432,3.162984613367282e-06
cat__diag_3_617,3.1609212870335145e-06
cat__diag_3_796,3.1556962987092546e-06
cat__diag_2_726,3.1017688408067075e-06
cat__tolazamide_Up,3.098778385651582e-06
cat__diag_1_370,3.0810098505512806e-06
cat__diag_1_V51,3.078882350423499e-06
cat__diag_2_E933,3.0390435475660075e-06
cat__diag_1_279,3.032009040682929e-06
cat__diag_3_795,3.025542779956282e-06
cat__diag_2_E939,3.021461018248446e-06
cat__diag_2_694,2.9945676616513743e-06
cat__diag_3_870,2.9536319093166196e-06
cat__diag_1_506,2.9432812970199037e-06
cat__diag_3_644,2.899926088850839e-06
cat__diag_3_201,2.885696199001532e-06
cat__diag_1_226,2.8674976851131556e-06
cat__diag_3_992,2.8584179125703126e-06
cat__diag_3_250.31,2.837891870624068e-06
cat__diag_3_746,2.8259912999987264e-06
cat__diag_3_431,2.8098629009244044e-06
cat__diag_1_862,2.8010176825179246e-06
cat__diag_3_265,2.7359209087474354e-06
cat__diag_3_550,2.721641756502357e-06
cat__diag_2_E928,2.7095404366537915e-06
cat__diag_3_495,2.6968045759249027e-06
cat__diag_1_868,2.691870124915894e-06
cat__diag_3_317,2.6877636747106645e-06
cat__diag_3_757,2.6622487388254553e-06
cat__diag_2_484,2.6238605932160867e-06
cat__diag_3_256,2.6109905955195988e-06
cat__diag_1_614,2.6023043357833244e-06
cat__diag_3_E819,2.5901444068337726e-06
cat__diag_3_905,2.5773941190715294e-06
cat__diag_2_664,2.577381875498928e-06
cat__diag_3_182,2.5582834730618324e-06
cat__diag_2_867,2.5420710754040766e-06
cat__diag_3_E980,2.5175806737514884e-06
cat__diag_2_477,2.5026911451274964e-06
cat__diag_3_693,2.4831525327884987e-06
cat__gender_Unknown,2.467400122150129e-06
cat__diag_3_215,2.4671930827758334e-06
cat__diag_3_989,2.4060535524349995e-06
cat__diag_2_470,2.4013531077500145e-06
cat__diag_1_923,2.395401928147606e-06
cat__diag_2_E934,2.391065438052474e-06
cat__diag_3_751,2.370266820115695e-06
cat__diag_2_250.32,2.3241780759575287e-06
cat__diag_3_239,2.3227664841041253e-06
cat__diag_1_944,2.304726486100775e-06
cat__diag_3_373,2.2896215610637564e-06
cat__diag_3_170,2.28633145811061e-06
cat__diag_1_746,2.284099555964078e-06
cat__diag_2_322,2.28218134439979e-06
cat__diag_1_703,2.2692030409712315e-06
cat__diag_2_542,2.2671996286140553e-06
cat__diag_3_866,2.25489279426612e-06
cat__diag_3_246,2.2452972961252654e-06
cat__diag_3_191,2.242586106898221e-06
cat__diag_2_324,2.219306808505403e-06
cat__diag_2_646,2.2056197103193935e-06
cat__diag_3_663,2.197069316357631e-06
cat__diag_2_463,2.1960867753383016e-06
cat__diag_1_223,2.18893454814645e-06
cat__diag_3_627,2.1646283265110337e-06
cat__diag_3_810,2.1605598804238242e-06
cat__diag_1_V71,2.1536725187507984e-06
cat__diag_3_E943,2.125469816918279e-06
cat__diag_2_365,2.1238927936912544e-06
cat__diag_1_647,2.0903983132951343e-06
cat__diag_3_720,2.0893336882624073e-06
cat__diag_3_656,2.0834072897833914e-06
cat__diag_1_V45,2.0510486633041614e-06
cat__diag_2_579,2.0392677687695892e-06
cat__diag_1_652,2.035239502793439e-06
cat__diag_1_308,2.0350268809805708e-06
cat__diag_2_758,2.0312943402332485e-06
cat__diag_2_882,2.026909773191722e-06
cat__diag_1_665,2.017987878547853e-06
cat__diag_2_131,1.999311759766887e-06
cat__diag_1_615,1.9977477002237287e-06
cat__diag_3_481,1.993184219189441e-06
cat__diag_1_39,1.955667864888194e-06
cat__diag_3_759,1.952107063785036e-06
cat__diag_1_210,1.9241797273645545e-06
cat__diag_2_273,1.9151460595458073e-06
cat__diag_2_501,1.898783833914472e-06
cat__diag_1_361,1.8912413884525502e-06
cat__diag_1_810,1.8843428012482396e-06
cat__diag_3_E870,1.8760819467429848e-06
cat__diag_3_654,1.8745545191449886e-06
cat__diag_3_906,1.8651107777751965e-06
cat__diag_3_621,1.8555737844620082e-06
cat__diag_1_369,1.8140734269419666e-06
cat__diag_1_717,1.7889272962552e-06
cat__diag_3_151,1.786001987095464e-06
cat__diag_1_41,1.7832454057877269e-06
cat__diag_3_139,1.7757077823182136e-06
cat__diag_3_E920,1.7586448580257033e-06
cat__diag_1_49,1.7507978731018035e-06
cat__diag_1_845,1.7447418973352282e-06
cat__diag_3_704,1.6992626265765757e-06
cat__diag_3_27,1.6863140772426393e-06
cat__diag_2_E944,1.6765591711248505e-06
cat__diag_3_747,1.6504237771860411e-06
cat__diag_1_464,1.6454013952761455e-06
cat__diag_3_741,1.6442019687458352e-06
cat__diag_2_374,1.6376840062337491e-06
cat__diag_2_V11,1.6359740289572204e-06
cat__diag_2_314,1.6184476673626854e-06
cat__diag_2_795,1.6173779927576716e-06
cat__diag_1_897,1.598632140697621e-06
cat__diag_3_250.2,1.585373512555663e-06
cat__diag_2_814,1.5713129743770027e-06
cat__diag_3_928,1.547481286962076e-06
cat__diag_2_686,1.5365491953101018e-06
cat__diag_3_E883,1.531443364978636e-06
cat__diag_2_461,1.5288596262757162e-06
cat__diag_1_916,1.5204023635519714e-06
cat__diag_2_V72,1.5176768376608037e-06
cat__diag_1_117,1.5059897239484467e-06
cat__diag_1_664,1.5032663944875313e-06
cat__diag_2_746,1.4877165898247705e-06
cat__diag_1_244,1.4872774719560855e-06
cat__diag_2_831,1.4867009629312157e-06
cat__diag_3_V86,1.4866727501549451e-06
cat__diag_1_583,1.4634243599406648e-06
cat__diag_3_694,1.4562656520049427e-06
cat__diag_1_344,1.4453173489049128e-06
cat__diag_3_E850,1.4266172868849424e-06
cat__diag_1_212,1.4195416965375739e-06
cat__diag_2_351,1.4087156429526179e-06
cat__diag_3_250.3,1.407357818220668e-06
cat__diag_2_78,1.4063872639896429e-06
cat__diag_2_598,1.3967384200111717e-06
cat__diag_1_745,1.3956686159378455e-06
cat__diag_3_452,1.395434382856636e-06
cat__diag_2_V57,1.391357745011e-06
cat__diag_1_881,1.3909255061537584e-06
cat__diag_1_866,1.3859493724308155e-06
cat__diag_2_533,1.379758110875004e-06
cat__diag_3_868,1.3764229512514117e-06
cat__diag_1_58,1.374396316694226e-06
cat__diag_3_66,1.3574212103097964e-06
cat__diag_3_661,1.3511564808406207e-06
cat__diag_2_921,1.3427681508970278e-06
cat__diag_1_471,1.3404304118092648e-06
cat__diag_3_956,1.3387336200877992e-06
cat__diag_3_528,1.3363273218268527e-06
cat__diag_2_706,1.3322588017526429e-06
cat__diag_3_840,1.3046313318712236e-06
cat__diag_3_884,1.3042731641528261e-06
cat__diag_1_793,1.2923770408195002e-06
cat__diag_3_299,1.289103197279649e-06
cat__diag_3_E933,1.2875591531478849e-06
cat__diag_3_525,1.2854295726477762e-06
cat__diag_1_184,1.2763659373620983e-06
cat__diag_2_250.31,1.271924146988464e-06
cat__diag_3_270,1.2649260779266477e-06
cat__diag_3_793,1.2638177548376234e-06
cat__diag_2_V86,1.2606624393851604e-06
cat__diag_2_691,1.244925882735747e-06
cat__diag_3_605,1.2261573468349052e-06
cat__diag_3_308,1.2169788431194822e-06
cat__diag_1_207,1.2123815271458257e-06
cat__diag_1_405,1.2100528052687552e-06
cat__diag_3_258,1.1927171809588448e-06
cat__diag_3_11,1.1884883925336174e-06
cat__diag_1_655,1.172920277441784e-06
cat__diag_2_604,1.147241372582228e-06
cat__diag_3_E924,1.1344603711944148e-06
cat__diag_1_3,1.085771867179958e-06
cat__diag_3_527,1.0848826611202648e-06
cat__diag_3_E917,1.0679425303415384e-06
cat__diag_1_483,1.0643432721772236e-06
cat__diag_2_405,1.049437346994294e-06
cat__diag_3_718,1.037973916195372e-06
cat__diag_1_649,1.0377013204280982e-06
cat__diag_2_601,1.024429697690357e-06
cat__diag_2_962,9.91820334084097e-07
cat__diag_2_34,9.87736913078953e-07
cat__diag_2_220,9.834674255845983e-07
cat__diag_3_529,9.830988829258647e-07
cat__diag_3_623,9.757254028547643e-07
cat__diag_1_245,9.72218354928273e-07
cat__diag_2_259,9.703502182332232e-07
cat__diag_3_V18,9.651962965691456e-07
cat__diag_1_873,9.538524611000252e-07
cat__diag_3_216,9.534675771681573e-07
cat__diag_1_893,9.482616108966942e-07
cat__diag_1_236,9.48211103056317e-07
cat__diag_1_970,9.409001531813119e-07
cat__diag_1_246,9.382431731530804e-07
cat__diag_1_891,9.374896040391708e-07
cat__diag_1_797,9.225353182404919e-07
cat__diag_1_7,9.202307095366122e-07
cat__diag_2_822,9.006913679799265e-07
cat__diag_2_270,8.926819876307299e-07
cat__diag_1_388,8.900322824334322e-07
cat__diag_3_921,8.895358401136459e-07
cat__diag_2_E812,8.76186695237988e-07
cat__diag_2_520,8.693470465623736e-07
cat__diag_2_622,8.68821345834749e-07
cat__diag_2_250.9,8.650887029884973e-07
cat__diag_2_323,8.650029410787158e-07
cat__diag_1_886,8.635504762554444e-07
cat__diag_2_123,8.607277731495571e-07
cat__diag_1_342,8.595678314480022e-07
cat__diag_3_88,8.486260310355645e-07
cat__diag_1_94,8.456397085638283e-07
cat__diag_3_653,8.309258166934647e-07
cat__diag_3_665,8.13683313203414e-07
cat__diag_3_955,8.086424876035816e-07
cat__diag_3_483,8.036119423301838e-07
cat__diag_2_521,7.942688238101092e-07
cat__diag_3_657,7.828896358616493e-07
cat__diag_3_703,7.827851030450394e-07
cat__diag_2_E858,7.720689462081493e-07
cat__diag_3_825,7.64712381462438e-07
cat__diag_3_610,7.551071184793526e-07
cat__diag_3_3,7.419407041398984e-07
cat__diag_2_251,7.354172449350335e-07
cat__diag_1_645,7.232899172438081e-07
cat__diag_1_173,6.964197452807723e-07
cat__diag_3_370,6.91521614948582e-07
cat__diag_2_V53,6.696978043357904e-07
cat__diag_1_980,6.563836287121723e-07
cat__diag_1_706,6.563567608368785e-07
cat__diag_1_921,6.497270212712847e-07
cat__diag_2_233,6.402041872895791e-07
cat__diag_3_354,6.330292916391523e-07
cat__diag_2_701,6.315758828400856e-07
cat__diag_2_360,6.307996026727573e-07
cat__diag_2_430,6.101660852390778e-07
cat__diag_1_391,6.06254407157895e-07
cat__diag_3_5,5.67988719328121e-07
cat__diag_3_604,5.565022458415731e-07
cat__diag_1_136,5.553594413470685e-07
cat__diag_2_299,5.428794980910672e-07
cat__diag_3_383,5.125932342666994e-07
cat__diag_3_259,5.08910938531167e-07
cat__diag_1_228,5.025423865359659e-07
cat__diag_1_362,4.951363028423281e-07
cat__diag_1_170,4.922396006154632e-07
cat__diag_1_395,4.820599750859154e-07
cat__diag_1_324,4.766249105043314e-07
cat__diag_1_250.5,4.6599305522118987e-07
cat__diag_3_742,4.642198721074583e-07
cat__diag_3_882,4.56291200601872e-07
cat__diag_1_179,4.540210536193034e-07
cat__diag_3_966,4.5269146031727516e-07
cat__diag_1_914,4.4841960966773254e-07
cat__diag_2_325,4.402239474092646e-07
cat__diag_2_99,4.377194376492673e-07
cat__diag_1_864,4.2972173983687773e-07
cat__diag_2_241,4.183137954895448e-07
cat__diag_1_796,4.182671638798406e-07
cat__diag_3_913,4.1278998765002715e-07
cat__diag_1_992,4.1063559273109063e-07
cat__diag_2_801,3.950814306058407e-07
cat__diag_1_78,3.93811453064337e-07
cat__diag_2_366,3.933251535804675e-07
cat__diag_2_752,3.9004618802390853e-07
cat__diag_2_661,3.745765481732042e-07
cat__diag_3_470,3.5363220011480416e-07
cat__diag_2_543,3.501624279659274e-07
cat__diag_1_878,3.500951381382786e-07
cat__diag_2_V70,3.4029522324541057e-07
cat__diag_3_823,3.381437810891258e-07
cat__diag_3_910,3.357994957464075e-07
cat__diag_1_318,3.3488858329667567e-07
cat__diag_2_457,3.2614990796684425e-07
cat__diag_2_508,3.2417796256429563e-07
cat__diag_1_692,3.173238367104008e-07
cat__diag_3_845,3.143449518178967e-07
cat__diag_3_161,3.0986628559017056e-07
cat__diag_2_250.91,3.063526227058075e-07
cat__diag_2_355,3.046972693547483e-07
cat__diag_3_516,2.943007864631764e-07
cat__diag_1_671,2.920265125958494e-07
cat__diag_2_864,2.8760056507188694e-07
cat__diag_2_659,2.751103273057251e-07
cat__diag_1_834,2.72470466247167e-07
cat__diag_3_122,2.5942812495225573e-07
cat__diag_3_195,2.511115380951133e-07
cat__diag_3_671,2.479565651440299e-07
cat__diag_3_649,2.454236452001662e-07
cat__diag_1_142,2.3926696778036686e-07
cat__diag_1_250.91,2.3209514195734003e-07
cat__diag_2_965,2.2664458400635778e-07
cat__diag_2_844,2.2490220434522653e-07
cat__diag_1_696,2.1977456760015359e-07
cat__diag_3_V03,2.0688634701369264e-07
cat__diag_3_674,2.0366778366933483e-07
cat__diag_3_54,2.0291920579967438e-07
cat__diag_3_227,1.9547825672610632e-07
cat__diag_2_E821,1.8928587613353736e-07
cat__diag_1_640,1.8868308638417962e-07
cat__diag_1_759,1.7687738815143317e-07
cat__diag_1_V63,1.732530928181421e-07
cat__diag_3_919,1.632583855545402e-07
cat__diag_1_633,1.6189470245046532e-07
cat__diag_3_V16,1.5598101271689776e-07
cat__diag_3_658,1.5177446506179782e-07
cat__diag_3_953,1.3807579886997794e-07
cat__diag_1_250.21,1.359981211495886e-07
cat__diag_2_969,1.3578579303660586e-07
cat__diag_1_98,1.3402829955099058e-07
cat__diag_2_910,1.3181374505022015e-07
cat__diag_2_645,1.28672780895732e-07
cat__diag_2_E906,1.1356002461289421e-07
cat__diag_2_755,1.1082700937489498e-07
cat__diag_1_800,1.0855408140288407e-07
cat__diag_2_227,9.830908137401402e-08
cat__diag_3_566,9.493675223497426e-08
cat__diag_3_376,9.473942220990512e-08
cat__diag_2_751,9.34788806221655e-08
cat__diag_2_816,9.266794181568559e-08
cat__diag_1_598,8.182140535420881e-08
cat__diag_2_980,7.912574678371039e-08
cat__diag_2_883,7.658987794033928e-08
cat__diag_2_916,7.42665646443029e-08
cat__diag_3_464,7.384405739131587e-08
cat__diag_2_372,6.331222041107243e-08
cat__diag_3_78,5.607419865575401e-08
cat__diag_1_955,5.545937644489946e-08
cat__diag_1_V26,5.1627633907302216e-08
cat__diag_3_220,4.3948416717072336e-08
cat__diag_3_E929,3.910948127467527e-08
cat__diag_1_500,3.608252136900294e-08
cat__diag_1_501,3.548897972328534e-08
cat__diag_1_474,3.349664959520467e-08
cat__diag_1_989,3.151614100777007e-08
cat__diag_1_751,2.6795336839355636e-08
cat__diag_2_529,2.6146611843897497e-08
cat__diag_1_634,1.4375286716223929e-08
cat__diag_1_131,1.205793963476141e-08
cat__diag_3_641,1.0094057880043301e-08
cat__diag_2_E968,5.202613608298371e-09
cat__diag_3_271,2.7432990823390652e-09
cat__diag_1_385,0.0
cat__diag_3_380,0.0
cat__diag_3_384,0.0
cat__diag_3_385,0.0
cat__diag_2_376,0.0
cat__diag_2_379,0.0
cat__diag_2_380,0.0
cat__diag_2_381,0.0
cat__diag_2_383,0.0
cat__diag_2_388,0.0
cat__diag_2_389,0.0
cat__diag_1_250.52,0.0
cat__diag_1_683,0.0
cat__diag_1_684,0.0
cat__diag_1_686,0.0
cat__diag_2_674,0.0
cat__diag_2_683,0.0
cat__diag_2_684,0.0
cat__diag_2_E915,0.0
cat__diag_2_E916,0.0
cat__diag_2_E918,0.0
cat__diag_2_E919,0.0
cat__diag_1_871,0.0
cat__diag_1_875,0.0
cat__diag_1_879,0.0
cat__diag_1_880,0.0
cat__diag_3_395,0.0
cat__diag_1_262,0.0
cat__diag_1_266,0.0
cat__diag_2_448,0.0
cat__diag_3_388,0.0
cat__diag_1_863,0.0
cat__diag_3_508,0.0
cat__diag_3_510,0.0
cat__diag_1_911,0.0
cat__diag_1_412,0.0
cat__diag_3_47,0.0
cat__diag_3_472,0.0
cat__diag_3_475,0.0
cat__diag_3_480,0.0
cat__diag_2_352,0.0
cat__diag_3_448,0.0
cat__diag_3_460,0.0
cat__diag_1_827,0.0
cat__diag_2_373,0.0
cat__diag_3_500,0.0
cat__diag_1_524,0.0
cat__diag_1_795,0.0
cat__diag_1_803,0.0
cat__diag_1_806,0.0
cat__diag_2_V13,0.0
cat__diag_2_E965,0.0
cat__diag_2_E980,0.0
cat__diag_2_V02,0.0
cat__diag_2_V03,0.0
cat__diag_3_387,0.0
cat__diag_3_565,0.0
cat__diag_3_57,0.0
cat__diag_1_913,0.0
cat__diag_2_343,0.0
cat__diag_2_347,0.0
cat__diag_2_35,0.0
cat__diag_2_350,0.0
cat__diag_1_883,0.0
cat__diag_1_885,0.0
cat__diag_2_E929,0.0
cat__diag_2_E931,0.0
cat__diag_2_E938,0.0
cat__diag_2_E941,0.0
cat__diag_1_814,0.0
cat__diag_1_817,0.0
cat__diag_3_323,0.0
cat__diag_3_335,0.0
cat__diag_2_V55,0.0
cat__diag_2_E819,0.0
cat__diag_1_240,0.0
cat__diag_2_308,0.0
cat__diag_2_31,0.0
cat__diag_2_316,0.0
cat__diag_2_318,0.0
cat__diag_1_895,0.0
cat__diag_3_538,0.0
cat__diag_3_540,0.0
cat__diag_3_542,0.0
cat__diag_3_543,0.0
cat__diag_2_E881,0.0
cat__diag_2_E882,0.0
cat__diag_2_E887,0.0
cat__diag_2_E890,0.0
cat__diag_2_E905,0.0
cat__diag_2_E816,0.0
cat__diag_2_E818,0.0
cat__diag_1_870,0.0
cat__diag_2_464,0.0
cat__diag_2_472,0.0
cat__diag_3_353,0.0
cat__diag_3_359,0.0
cat__diag_3_360,0.0
cat__diag_3_374,0.0
cat__diag_1_657,0.0
cat__diag_1_66,0.0
cat__diag_1_669,0.0
cat__diag_2_V60,0.0
cat__diag_2_V69,0.0
cat__diag_3_115,0.0
cat__diag_2_7,0.0
cat__diag_2_703,0.0
cat__diag_3_35,0.0
cat__diag_3_350,0.0
cat__diag_2_46,0.0
cat__diag_1_229,0.0
cat__diag_1_832,0.0
cat__diag_1_833,0.0
cat__diag_1_322,0.0
cat__diag_1_325,0.0
cat__diag_3_250.23,0.0
cat__diag_3_228,0.0
cat__diag_3_230,0.0
cat__diag_3_235,0.0
cat__diag_3_240,0.0
cat__diag_3_245,0.0
cat__diag_2_594,0.0
cat__diag_1_939,0.0
cat__diag_1_454,0.0
cat__diag_2_302,0.0
cat__diag_2_306,0.0
cat__diag_3_603,0.0
cat__diag_1_653,0.0
cat__diag_2_647,0.0
cat__diag_2_652,0.0
cat__diag_2_658,0.0
cat__diag_1_334,0.0
cat__diag_1_336,0.0
cat__diag_2_967,0.0
cat__diag_2_968,0.0
cat__diag_2_972,0.0
cat__diag_3_624,0.0
cat__diag_3_643,0.0
cat__diag_1_314,0.0
cat__diag_1_917,0.0
cat__diag_1_919,0.0
cat__diag_1_934,0.0
cat__diag_3_622,0.0
cat__diag_2_E829,0.0
cat__diag_2_E850,0.0
cat__diag_2_E853,0.0
cat__diag_2_E868,0.0
cat__diag_2_460,0.0
cat__diag_2_475,0.0
cat__diag_2_5,0.0
cat__diag_1_704,0.0
cat__diag_1_708,0.0
cat__diag_2_52,0.0
cat__diag_2_644,0.0
cat__diag_3_14,0.0
cat__diag_3_146,0.0
cat__diag_2_271,0.0
cat__diag_3_664,0.0
cat__diag_3_669,0.0
cat__diag_3_670,0.0
cat__diag_3_684,0.0
cat__diag_3_685,0.0
cat__diag_3_697,0.0
cat__diag_3_7,0.0
cat__diag_3_655,0.0
cat__diag_1_448,0.0
cat__diag_1_915,0.0
cat__diag_2_96,0.0
cat__diag_3_712,0.0
cat__diag_3_717,0.0
cat__diag_2_268,0.0
cat__diag_2_269,0.0
cat__diag_2_27,0.0
cat__diag_2_66,0.0
cat__diag_2_V14,0.0
cat__diag_2_V16,0.0
cat__diag_2_V23,0.0
cat__diag_2_V50,0.0
cat__diag_2_523,0.0
cat__diag_2_524,0.0
cat__diag_2_527,0.0
cat__diag_2_534,0.0
cat__diag_1_637,0.0
cat__diag_2_250.23,0.0
cat__diag_2_250.3,0.0
cat__diag_3_702,0.0
cat__diag_3_706,0.0
cat__diag_2_977,0.0
cat__diag_2_991,0.0
cat__diag_2_992,0.0
cat__diag_2_994,0.0
cat__diag_2_E813,0.0
cat__diag_2_948,0.0
cat__diag_2_952,0.0
cat__diag_2_953,0.0
cat__diag_2_955,0.0
cat__diag_3_752,0.0
cat__diag_1_632,0.0
cat__diag_3_148,0.0
cat__diag_3_152,0.0
cat__diag_1_551,0.0
cat__diag_3_163,0.0
cat__diag_3_164,0.0
cat__diag_1_115,0.0
cat__diag_3_123,0.0
cat__diag_3_132,0.0
cat__diag_3_136,0.0
cat__diag_1_365,0.0
cat__diag_2_506,0.0
cat__diag_1_143,0.0
cat__diag_1_147,0.0
cat__diag_2_911,0.0
cat__diag_2_915,0.0
cat__chlorpropamide_Up,0.0
cat__diag_1_214,0.0
cat__diag_1_215,0.0
cat__diag_1_216,0.0
cat__diag_1_217,0.0
cat__diag_1_219,0.0
cat__diag_1_463,0.0
cat__diag_1_470,0.0
cat__chlorpropamide_Down,0.0
cat__diag_2_250.33,0.0
cat__diag_3_V70,0.0
cat__diag_3_732,0.0
cat__diag_3_734,0.0
cat__diag_3_75,0.0
cat__diag_3_838,0.0
cat__diag_3_841,0.0
cat__diag_3_842,0.0
cat__diag_1_477,0.0
cat__diag_1_187,0.0
cat__diag_3_800,0.0
cat__diag_3_811,0.0
cat__diag_3_814,0.0
cat__diag_3_754,0.0
cat__diag_2_963,0.0
cat__diag_1_97,0.0
cat__diag_1_976,0.0
cat__diag_1_835,0.0
cat__diag_2_725,0.0
cat__diag_2_734,0.0
cat__diag_1_982,0.0
cat__diag_3_853,0.0
cat__diag_2_223,0.0
cat__diag_2_226,0.0
cat__diag_1_983,0.0
cat__diag_2_228,0.0
cat__diag_2_235,0.0
cat__diag_2_239,0.0
cat__diag_3_815,0.0
cat__diag_3_816,0.0
cat__diag_3_821,0.0
cat__diag_3_822,0.0
cat__diag_3_826,0.0
cat__diag_3_831,0.0
cat__diag_3_834,0.0
cat__diag_3_836,0.0
cat__diag_3_837,0.0
cat__diag_1_848,0.0
cat__diag_1_987,0.0
cat__diag_1_791,0.0
cat__diag_1_792,0.0
cat__diag_2_917,0.0
cat__diag_2_918,0.0
cat__diag_2_919,0.0
cat__diag_2_922,0.0
cat__diag_2_923,0.0
cat__diag_2_927,0.0
cat__diag_2_944,0.0
cat__diag_2_945,0.0
cat__diag_2_872,0.0
cat__diag_2_879,0.0
cat__diag_2_88,0.0
cat__diag_2_880,0.0
cat__diag_3_876,0.0
cat__diag_3_877,0.0
cat__diag_3_879,0.0
cat__diag_1_V66,0.0
cat__diag_3_847,0.0
cat__diag_3_848,0.0
cat__diag_3_850,0.0
cat__diag_3_851,0.0
cat__diag_1_373,0.0
cat__diag_1_375,0.0
cat__diag_1_381,0.0
cat__diag_3_268,0.0
cat__diag_1_301,0.0
cat__diag_1_V67,0.0
cat__diag_2_528,0.0
cat__diag_1_846,0.0
cat__diag_1_957,0.0
cat__diag_1_963,0.0
cat__diag_3_880,0.0
cat__diag_3_883,0.0
cat__diag_3_893,0.0
cat__diag_3_907,0.0
cat__diag_3_911,0.0
cat__diag_3_912,0.0
cat__diag_3_915,0.0
cat__diag_3_916,0.0
cat__diag_2_246,0.0
cat__diag_3_860,0.0
cat__diag_3_862,0.0
cat__diag_3_864,0.0
cat__diag_3_872,0.0
cat__diag_3_875,0.0
cat__diag_3_971,0.0
cat__diag_1_V70,0.0
cat__diag_3_933,0.0
cat__diag_3_935,0.0
cat__diag_2_217,0.0
cat__diag_1_945,0.0
cat__diag_2_615,0.0
cat__diag_2_621,0.0
cat__diag_2_623,0.0
cat__diag_2_663,0.0
cat__diag_2_665,0.0
cat__diag_2_670,0.0
cat__diag_1_753,0.0
cat__diag_1_605,0.0
cat__diag_1_372,0.0
cat__diag_1_61,0.0
cat__diag_3_948,0.0
cat__diag_3_952,0.0
cat__diag_2_759,0.0
cat__diag_2_884,0.0
cat__diag_2_892,0.0
cat__diag_2_893,0.0
cat__diag_2_906,0.0
cat__diag_2_907,0.0
cat__diag_2_908,0.0
cat__miglitol_Up,0.0
cat__diag_1_363,0.0
cat__diag_2_847,0.0
cat__diag_2_851,0.0
cat__diag_1_180,0.0
cat__diag_3_962,0.0
cat__diag_3_969,0.0
cat__diag_3_E864,0.0
cat__diag_3_E865,0.0
cat__diag_3_E881,0.0
cat__diag_3_E882,0.0
cat__diag_3_E886,0.0
cat__diag_3_E894,0.0
cat__diag_3_E813,0.0
cat__diag_3_E815,0.0
cat__diag_3_E818,0.0
cat__diag_3_E822,0.0
cat__diag_3_E825,0.0
cat__diag_3_E826,0.0
cat__diag_3_E828,0.0
cat__diag_2_182,0.0
cat__diag_2_195,0.0
cat__diag_2_212,0.0
cat__diag_2_870,0.0
cat__diag_2_871,0.0
cat__diag_2_791,0.0
cat__diag_2_832,0.0
cat__diag_3_E915,0.0
cat__diag_3_E916,0.0
cat__diag_3_E919,0.0
cat__diag_2_140,0.0
cat__diag_2_141,0.0
cat__diag_2_145,0.0
cat__diag_2_215,0.0
cat__diag_3_E852,0.0
cat__diag_3_E853,0.0
cat__diag_3_E854,0.0
cat__diag_3_E855,0.0
cat__diag_3_E858,0.0
cat__diag_1_690,0.0
cat__diag_3_214,0.0
cat__diag_3_217,0.0
cat__diag_1_691,0.0
cat__diag_3_223,0.0
cat__diag_3_E904,0.0
cat__diag_3_E905,0.0
cat__diag_3_E906,0.0
cat__diag_2_853,0.0
cat__diag_2_861,0.0
cat__diag_2_862,0.0
cat__diag_2_863,0.0
cat__diag_1_694,0.0
cat__diag_2_866,0.0
cat__diag_2_868,0.0
cat__diag_2_869,0.0
cat__diag_1_700,0.0
cat__diag_2_173,0.0
cat__diag_2_180,0.0
cat__diag_1_250.53,0.0
cat__diag_3_E938,0.0
cat__diag_1_194,0.0
cat__diag_1_495,0.0
cat__diag_3_445,0.0
cat__diag_1_732,0.0
cat__diag_1_735,0.0
cat__diag_1_737,0.0
cat__diag_1_837,0.0
cat__diag_2_909,0.0
cat__diag_1_842,0.0
cat__diag_2_605,0.0
cat__diag_3_193,0.0
cat__diag_2_810,0.0
cat__diag_2_811,0.0
cat__diag_3_V23,0.0
cat__diag_3_V25,0.0
cat__diag_1_E909,0.0
cat__diag_1_V07,0.0
cat__diag_1_V25,0.0
cat__diag_1_417,0.0
cat__diag_1_422,0.0
cat__diag_2_395,0.0
cat__diag_2_115,0.0
cat__diag_3_E945,0.0
cat__diag_3_E949,0.0
cat__diag_3_E965,0.0
cat__diag_3_E966,0.0
cat__diag_3_V01,0.0
cat__diag_2_422,0.0
cat__diag_2_634,0.0
cat__diag_2_641,0.0
cat__diag_1_10,0.0
cat__diag_1_110,0.0
cat__diag_1_114,0.0
cat__diag_2_793,0.0
cat__diag_2_797,0.0
cat__diag_2_800,0.0
cat__diag_1_145,0.0
cat__miglitol_Down,0.0
cat__diag_2_846,0.0
cat__diag_1_352,0.0
cat__diag_1_353,0.0
cat__diag_1_36,0.0
cat__diag_1_360,0.0
cat__diag_2_75,0.0
cat__diag_2_837,0.0
cat__diag_2_842,0.0
cat__diag_2_843,0.0
cat__diag_3_417,0.0
cat__diag_2_602,0.0
cat__diag_2_603,0.0
cat__diag_3_173,0.0
cat__diag_3_175,0.0
cat__diag_3_180,0.0
cat__diag_1_149,0.0
cat__diag_1_250.51,0.0
cat__diag_1_164,0.0
cat__diag_2_815,0.0
cat__diag_1_994,0.0
cat__diag_1_384,0.0
cat__diag_3_V13,0.0
cat__diag_1_602,0.0
cat__diag_1_160,0.0
cat__diag_1_57,0.0
cat__diag_1_579,0.0
cat__diag_1_582,0.0
cat__diag_1_148,0.0
cat__diag_1_542,0.0
cat__diag_1_990,0.0
cat__diag_1_610,0.0
cat__diag_1_622,0.0
cat__diag_3_V61,0.0
cat__diag_3_V06,0.0
cat__diag_3_V07,0.0
cat__diag_3_V11,0.0
cat__diag_1_839,0.0
